Workbook
Name lst_Equipe: OFFSET(Listas!$A$4,0,0,COUNTA(Listas!$A$4:$A$60),1)
Name lst_Status: OFFSET(Listas!$B$4,0,0,COUNTA(Listas!$B$4:$B$30),1)
Name lst_Frentes: OFFSET(Listas!$C$4,0,0,COUNTA(Listas!$C$4:$C$60),1)
Name lst_Atividades: OFFSET(Listas!$D$4,0,0,MAX(1,COUNTIF(Listas!$D$4:$D$597,"?*")),1)

Sheet Leia-me
A1: Cronograma Petrobio: como usar este arquivo
A3: Abas
A4: Geral: cronograma oficial por frente e subfrente. Cada atividade tem um ID único (ex.: EC-012).
A5: Painel: contagem automática por pessoa, por status e por frente, com tarefas atrasadas.
A6: Abas individuais (uma por pessoa): cada um lista e atualiza as próprias tarefas.
A7: Listas: nomes da equipe, status e frentes usados nas listas suspensas.
A9: Como funciona a atualização automática
A10: 1. Na sua aba, escolha na coluna A a atividade da Geral à qual sua tarefa pertence (lista suspensa "ID · descrição").
A11: 2. Escreva sua tarefa na coluna E (ou deixe em branco se sua parte é a própria atividade) e escolha o status.
A12: 3. Na Geral, a atividade mostra automaticamente: quem está envolvido (Equipe), quantas tarefas individuais foram concluídas e o texto de cada uma (Detalhamento individual).
A13: 4. O status oficial da atividade na Geral (coluna I) continua sendo preenchido pela coordenação/ponto focal.
A15: Incluir uma atividade nova na Geral
... A33: Em pasta de rede (VPN) o Excel não permite edição simultânea: enquanto uma pessoa edita, as outras abrem como somente leitura.

Sheet Geral
A1: Cronograma Petrobio: visão geral por frente
A2: Preencha as colunas brancas. Colunas cinzas são automáticas (não digite nelas). Nova atividade: insira uma linha, copie a linha de cima (Ctrl+D) e crie um ID novo e único na coluna A. Datas em itálico foram estimadas a partir do Gantt antigo; confira.
S3: Início do Gantt: | T3: 46097
S5: Gantt semanal (agrupado: clique em "−/+" acima das colunas para recolher) | T5: =T6 | U5: =IF(MONTH(U6)<>MONTH(T6),U6,"") | V5: =IF(MONTH(V6)<>MONTH(U6),V6,"") | W5: =IF(MONTH(W6)<>MONTH(V6),W6,"") | X5: =IF(MONTH(X6)<>MONTH(W6),X6,"") | Y5: =IF(MONTH(Y6)<>MONTH(X6),Y6,"") | Z5: =IF(MONTH(Z6)<>MONTH(Y6),Z6,"") | AA5: =IF(MONTH(AA6)<>MONTH(Z6),AA6,"") | AB5: =IF(MONTH(AB6)<>MONTH(AA6),AB6,"") | ... BI5: =IF(MONTH(BI6)<>MONTH(BH6),BI6,"")
A6: ID | B6: Etapa | C6: Frente | D6: Subfrente | E6: Atividade | F6: Ponto focal | G6: Equipe (automático) | H6: Outros envolvidos | I6: Status | J6: Concluídas / tarefas individuais (automático) | K6: Data inicial | L6: Data final | M6: Início replanejado | N6: Fim replanejado | O6: Data de entrega | P6: Início vigente (automático) | Q6: Fim vigente (automático) | R6: Observações | S6: Detalhamento individual (automático) | T6: =T$3-WEEKDAY(T$3,3) | U6: =T6+7 | V6: =U6+7 | W6: =V6+7 | X6: =W6+7 | Y6: =X6+7 | Z6: =Y6+7 | AA6: =Z6+7 | AB6: =AA6+7 | ... BI6: =BH6+7
B7: Extra - Artigo | C7: 1. Elaboração do artigo sobre a caixa de ferramentas | E7: 1. Elaboração do artigo sobre a caixa de ferramentas | F7: Thaís | G7: =IF($A7="","",_xlfn.TEXTJOIN("; ",TRUE,IF(COUNTIF('Clarice'!$B$6:$B$300,$A7)>0,"Clarice",""),IF(COUNTIF('Luisa'!$B$6:$B$300,$A7)>0,"Luisa",""),IF(COUNTIF('Lui'!$B$6:$B$300,$A7)>0,"Lui",""),IF(COUNTIF('Thaís'!$B$6:$B$300,$A7)>0,"Thaís",""),IF(COUNTIF('Daniel'!$B$6:$B$300,$A7)>0,"Daniel",""),IF(COUNTIF('Fernando'!$B$6:$B$300,$A7)>0,"Fernando",""),IF(COUNTIF('Stephanie'!$B$6:$B$300,$A7)>0,"Stephanie",""),IF(COUNTIF('Fox'!$B$6:$B$300,$A7)>0,"Fox",""),IF(COUNTIF('Bruna'!$B$6:$B$300,$A7)>0,"Bruna",""),IF(COUNTIF('Stella'!$B$6:$B$300,$A7)>0,"Stella",""),IF(COUNTIF('Igor'!$B$6:$B$300,$A7)>0,"Igor",""))) | J7: =IF(OR($A7="",(COUNTIF('Clarice'!$B$6:$B$300,$A7)+COUNTIF('Luisa'!$B$6:$B$300,$A7)+COUNTIF('Lui'!$B$6:$B$300,$A7)+COUNTIF('Thaís'!$B$6:$B$300,$A7)+COUNTIF('Daniel'!$B$6:$B$300,$A7)+COUNTIF('Fernando'!$B$6:$B$300,$A7)+COUNTIF('Stephanie'!$B$6:$B$300,$A7)+COUNTIF('Fox'!$B$6:$B$300,$A7)+COUNTIF('Bruna'!$B$6:$B$300,$A7)+COUNTIF('Stella'!$B$6:$B$300,$A7)+COUNTIF('Igor'!$B$6:$B$300,$A7))=0),"",(COUNTIFS('Clarice'!$B$6:$B$300,$A7,'Clarice'!$F$6:$F$300,"Concluído")+COUNTIFS('Luisa'!$B$6:$B$300,$A7,'Luisa'!$F$6:$F$300,"Concluído")+COUNTIFS('Lui'!$B$6:$B$300,$A7,'Lui'!$F$6:$F$300,"Concluído")+COUNTIFS('Thaís'!$B$6:$B$300,$A7,'Thaís'!$F$6:$F$300,"Concluído")+COUNTIFS('Daniel'!$B$6:$B$300,$A7,'Daniel'!$F$6:$F$300,"Concluído")+COUNTIFS('Fernando'!$B$6:$B$300,$A7,'Fernando'!$F$6:$F$300,"Concluído")+COUNTIFS('Stephanie'!$B$6:$B$300,$A7,'Stephanie'!$F$6:$F$300,"Concluído")+COUNTIFS('Fox'!$B$6:$B$300,$A7,'Fox'!$F$6:$F$300,"Concluído")+COUNTIFS('Bruna'!$B$6:$B$300,$A7,'Bruna'!$F$6:$F$300,"Concluído")+COUNTIFS('Stella'!$B$6:$B$300,$A7,'Stella'!$F$6:$F$300,"Concluído")+COUNTIFS('Igor'!$B$6:$B$300,$A7,'Igor'!$F$6:$F$300,"Concluído"))&" / "&(COUNTIF('Clarice'!$B$6:$B$300,$A7)+COUNTIF('Luisa'!$B$6:$B$300,$A7)+COUNTIF('Lui'!$B$6:$B$300,$A7)+COUNTIF('Thaís'!$B$6:$B$300,$A7)+COUNTIF('Daniel'!$B$6:$B$300,$A7)+COUNTIF('Fernando'!$B$6:$B$300,$A7)+COUNTIF('Stephanie'!$B$6:$B$300,$A7)+COUNTIF('Fox'!$B$6:$B$300,$A7)+COUNTIF('Bruna'!$B$6:$B$300,$A7)+COUNTIF('Stella'!$B$6:$B$300,$A7)+COUNTIF('Igor'!$B$6:$B$300,$A7))) | P7: =IF($A7="","",IF(M7<>"",M7,IF(K7<>"",K7,""))) | Q7: =IF($A7="","",IF(N7<>"",N7,IF(L7<>"",L7,""))) | S7: {=IF($A7="","",_xlfn.TEXTJOIN(CHAR(10),TRUE,IF('Clarice'!$B$6:$B$300=$A7,"Clarice"&IF('Clarice'!$E$6:$E$300="",""," : "&'Clarice'!$E$6:$E$300)&" ["&'Clarice'!$F$6:$F$300&"]",""),IF('Luisa'!$B$6:$B$300=$A7,"Luisa"&IF('Luisa'!$E$6:$E$300="",""," : "&'Luisa'!$E$6:$E$300)&" ["&'Luisa'!$F$6:$F$300&"]",""),IF('Lui'!$B$6:$B$300=$A7,"Lui"&IF('Lui'!$E$6:$E$300="",""," : "&'Lui'!$E$6:$E$300)&" ["&'Lui'!$F$6:$F$300&"]",""),IF('Thaís'!$B$6:$B$300=$A7,"Thaís"&IF('Thaís'!$E$6:$E$300="",""," : "&'Thaís'!$E$6:$E$300)&" ["&'Thaís'!$F$6:$F$300&"]",""),IF('Daniel'!$B$6:$B$300=$A7,"Daniel"&IF('Daniel'!$E$6:$E$300="",""," : "&'Daniel'!$E$6:$E$300)&" ["&'Daniel'!$F$6:$F$300&"]",""),IF('Fernando'!$B$6:$B$300=$A7,"Fernando"&IF('Fernando'!$E$6:$E$300="",""," : "&'Fernando'!$E$6:$E$300)&" ["&'Fernando'!$F$6:$F$300&"]",""),IF('Stephanie'!$B$6:$B$300=$A7,"Stephanie"&IF('Stephanie'!$E$6:$E$300="",""," : "&'Stephanie'!$E$6:$E$300)&" ["&'Stephanie'!$F$6:$F$300&"]",""),IF('Fox'!$B$6:$B$300=$A7,"Fox"&IF('Fox'!$E$6:$E$300="",""," : "&'Fox'!$E$6:$E$300)&" ["&'Fox'!$F$6:$F$300&"]",""),IF('Bruna'!$B$6:$B$300=$A7,"Bruna"&IF('Bruna'!$E$6:$E$300="",""," : "&'Bruna'!$E$6:$E$300)&" ["&'Bruna'!$F$6:$F$300&"]",""),IF('Stella'!$B$6:$B$300=$A7,"Stella"&IF('Stella'!$E$6:$E$300="",""," : "&'Stella'!$E$6:$E$300)&" ["&'Stella'!$F$6:$F$300&"]",""),IF('Igor'!$B$6:$B$300=$A7,"Igor"&IF('Igor'!$E$6:$E$300="",""," : "&'Igor'!$E$6:$E$300)&" ["&'Igor'!$F$6:$F$300&"]","")))}
A8: ART-001 | B8: Extra - Artigo | C8: 1. Elaboração do artigo sobre a caixa de ferramentas | E8: Definir o escopo do artigo | F8: Thaís | G8: =IF($A8="","",_xlfn.TEXTJOIN("; ",TRUE,IF(COUNTIF('Clarice'!$B$6:$B$300,$A8)>0,"Clarice",""),IF(COUNTIF('Luisa'!$B$6:$B$300,$A8)>0,"Luisa",""),IF(COUNTIF('Lui'!$B$6:$B$300,$A8)>0,"Lui",""),IF(COUNTIF('Thaís'!$B$6:$B$300,$A8)>0,"Thaís",""),IF(COUNTIF('Daniel'!$B$6:$B$300,$A8)>0,"Daniel",""),IF(COUNTIF('Fernando'!$B$6:$B$300,$A8)>0,"Fernando",""),IF(COUNTIF('Stephanie'!$B$6:$B$300,$A8)>0,"Stephanie",""),IF(COUNTIF('Fox'!$B$6:$B$300,$A8)>0,"Fox",""),IF(COUNTIF('Bruna'!$B$6:$B$300,$A8)>0,"Bruna",""),IF(COUNTIF('Stella'!$B$6:$B$300,$A8)>0,"Stella",""),IF(COUNTIF('Igor'!$B$6:$B$300,$A8)>0,"Igor",""))) | I8: Concluído | J8: =IF(OR($A8="",(COUNTIF('Clarice'!$B$6:$B$300,$A8)+COUNTIF('Luisa'!$B$6:$B$300,$A8)+COUNTIF('Lui'!$B$6:$B$300,$A8)+COUNTIF('Thaís'!$B$6:$B$300,$A8)+COUNTIF('Daniel'!$B$6:$B$300,$A8)+COUNTIF('Fernando'!$B$6:$B$300,$A8)+COUNTIF('Stephanie'!$B$6:$B$300,$A8)+COUNTIF('Fox'!$B$6:$B$300,$A8)+COUNTIF('Bruna'!$B$6:$B$300,$A8)+COUNTIF('Stella'!$B$6:$B$300,$A8)+COUNTIF('Igor'!$B$6:$B$300,$A8))=0),"",(COUNTIFS('Clarice'!$B$6:$B$300,$A8,'Clarice'!$F$6:$F$300,"Concluído")+COUNTIFS('Luisa'!$B$6:$B$300,$A8,'Luisa'!$F$6:$F$300,"Concluído")+COUNTIFS('Lui'!$B$6:$B$300,$A8,'Lui'!$F$6:$F$300,"Concluído")+COUNTIFS('Thaís'!$B$6:$B$300,$A8,'Thaís'!$F$6:$F$300,"Concluído")+COUNTIFS('Daniel'!$B$6:$B$300,$A8,'Daniel'!$F$6:$F$300,"Concluído")+COUNTIFS('Fernando'!$B$6:$B$300,$A8,'Fernando'!$F$6:$F$300,"Concluído")+COUNTIFS('Stephanie'!$B$6:$B$300,$A8,'Stephanie'!$F$6:$F$300,"Concluído")+COUNTIFS('Fox'!$B$6:$B$300,$A8,'Fox'!$F$6:$F$300,"Concluído")+COUNTIFS('Bruna'!$B$6:$B$300,$A8,'Bruna'!$F$6:$F$300,"Concluído")+COUNTIFS('Stella'!$B$6:$B$300,$A8,'Stella'!$F$6:$F$300,"Concluído")+COUNTIFS('Igor'!$B$6:$B$300,$A8,'Igor'!$F$6:$F$300,"Concluído"))&" / "&(COUNTIF('Clarice'!$B$6:$B$300,$A8)+COUNTIF('Luisa'!$B$6:$B$300,$A8)+COUNTIF('Lui'!$B$6:$B$300,$A8)+COUNTIF('Thaís'!$B$6:$B$300,$A8)+COUNTIF('Daniel'!$B$6:$B$300,$A8)+COUNTIF('Fernando'!$B$6:$B$300,$A8)+COUNTIF('Stephanie'!$B$6:$B$300,$A8)+COUNTIF('Fox'!$B$6:$B$300,$A8)+COUNTIF('Bruna'!$B$6:$B$300,$A8)+COUNTIF('Stella'!$B$6:$B$300,$A8)+COUNTIF('Igor'!$B$6:$B$300,$A8))) | K8: 46097 | L8: 46101 | P8: =IF($A8="","",IF(M8<>"",M8,IF(K8<>"",K8,""))) | Q8: =IF($A8="","",IF(N8<>"",N8,IF(L8<>"",L8,""))) | R8: [Original: "Toda a equipe"] | S8: {=IF($A8="","",_xlfn.TEXTJOIN(CHAR(10),TRUE,IF('Clarice'!$B$6:$B$300=$A8,"Clarice"&IF('Clarice'!$E$6:$E$300="",""," : "&'Clarice'!$E$6:$E$300)&" ["&'Clarice'!$F$6:$F$300&"]",""),IF('Luisa'!$B$6:$B$300=$A8,"Luisa"&IF('Luisa'!$E$6:$E$300="",""," : "&'Luisa'!$E$6:$E$300)&" ["&'Luisa'!$F$6:$F$300&"]",""),IF('Lui'!$B$6:$B$300=$A8,"Lui"&IF('Lui'!$E$6:$E$300="",""," : "&'Lui'!$E$6:$E$300)&" ["&'Lui'!$F$6:$F$300&"]",""),IF('Thaís'!$B$6:$B$300=$A8,"Thaís"&IF('Thaís'!$E$6:$E$300="",""," : "&'Thaís'!$E$6:$E$300)&" ["&'Thaís'!$F$6:$F$300&"]",""),IF('Daniel'!$B$6:$B$300=$A8,"Daniel"&IF('Daniel'!$E$6:$E$300="",""," : "&'Daniel'!$E$6:$E$300)&" ["&'Daniel'!$F$6:$F$300&"]",""),IF('Fernando'!$B$6:$B$300=$A8,"Fernando"&IF('Fernando'!$E$6:$E$300="",""," : "&'Fernando'!$E$6:$E$300)&" ["&'Fernando'!$F$6:$F$300&"]",""),IF('Stephanie'!$B$6:$B$300=$A8,"Stephanie"&IF('Stephanie'!$E$6:$E$300="",""," : "&'Stephanie'!$E$6:$E$300)&" ["&'Stephanie'!$F$6:$F$300&"]",""),IF('Fox'!$B$6:$B$300=$A8,"Fox"&IF('Fox'!$E$6:$E$300="",""," : "&'Fox'!$E$6:$E$300)&" ["&'Fox'!$F$6:$F$300&"]",""),IF('Bruna'!$B$6:$B$300=$A8,"Bruna"&IF('Bruna'!$E$6:$E$300="",""," : "&'Bruna'!$E$6:$E$300)&" ["&'Bruna'!$F$6:$F$300&"]",""),IF('Stella'!$B$6:$B$300=$A8,"Stella"&IF('Stella'!$E$6:$E$300="",""," : "&'Stella'!$E$6:$E$300)&" ["&'Stella'!$F$6:$F$300&"]",""),IF('Igor'!$B$6:$B$300=$A8,"Igor"&IF('Igor'!$E$6:$E$300="",""," : "&'Igor'!$E$6:$E$300)&" ["&'Igor'!$F$6:$F$300&"]","")))}
A9: ART-002 | B9: Extra - Artigo | C9: 1. Elaboração do artigo sobre a caixa de ferramentas | E9: Alinhar com a Petrobras o escopo do artigo | F9: Thaís | G9: =IF($A9="","",_xlfn.TEXTJOIN("; ",TRUE,IF(COUNTIF('Clarice'!$B$6:$B$300,$A9)>0,"Clarice",""),IF(COUNTIF('Luisa'!$B$6:$B$300,$A9)>0,"Luisa",""),IF(COUNTIF('Lui'!$B$6:$B$300,$A9)>0,"Lui",""),IF(COUNTIF('Thaís'!$B$6:$B$300,$A9)>0,"Thaís",""),IF(COUNTIF('Daniel'!$B$6:$B$300,$A9)>0,"Daniel",""),IF(COUNTIF('Fernando'!$B$6:$B$300,$A9)>0,"Fernando",""),IF(COUNTIF('Stephanie'!$B$6:$B$300,$A9)>0,"Stephanie",""),IF(COUNTIF('Fox'!$B$6:$B$300,$A9)>0,"Fox",""),IF(COUNTIF('Bruna'!$B$6:$B$300,$A9)>0,"Bruna",""),IF(COUNTIF('Stella'!$B$6:$B$300,$A9)>0,"Stella",""),IF(COUNTIF('Igor'!$B$6:$B$300,$A9)>0,"Igor",""))) | I9: Concluído | J9: =IF(OR($A9="",(COUNTIF('Clarice'!$B$6:$B$300,$A9)+COUNTIF('Luisa'!$B$6:$B$300,$A9)+COUNTIF('Lui'!$B$6:$B$300,$A9)+COUNTIF('Thaís'!$B$6:$B$300,$A9)+COUNTIF('Daniel'!$B$6:$B$300,$A9)+COUNTIF('Fernando'!$B$6:$B$300,$A9)+COUNTIF('Stephanie'!$B$6:$B$300,$A9)+COUNTIF('Fox'!$B$6:$B$300,$A9)+COUNTIF('Bruna'!$B$6:$B$300,$A9)+COUNTIF('Stella'!$B$6:$B$300,$A9)+COUNTIF('Igor'!$B$6:$B$300,$A9))=0),"",(COUNTIFS('Clarice'!$B$6:$B$300,$A9,'Clarice'!$F$6:$F$300,"Concluído")+COUNTIFS('Luisa'!$B$6:$B$300,$A9,'Luisa'!$F$6:$F$300,"Concluído")+COUNTIFS('Lui'!$B$6:$B$300,$A9,'Lui'!$F$6:$F$300,"Concluído")+COUNTIFS('Thaís'!$B$6:$B$300,$A9,'Thaís'!$F$6:$F$300,"Concluído")+COUNTIFS('Daniel'!$B$6:$B$300,$A9,'Daniel'!$F$6:$F$300,"Concluído")+COUNTIFS('Fernando'!$B$6:$B$300,$A9,'Fernando'!$F$6:$F$300,"Concluído")+COUNTIFS('Stephanie'!$B$6:$B$300,$A9,'Stephanie'!$F$6:$F$300,"Concluído")+COUNTIFS('Fox'!$B$6:$B$300,$A9,'Fox'!$F$6:$F$300,"Concluído")+COUNTIFS('Bruna'!$B$6:$B$300,$A9,'Bruna'!$F$6:$F$300,"Concluído")+COUNTIFS('Stella'!$B$6:$B$300,$A9,'Stella'!$F$6:$F$300,"Concluído")+COUNTIFS('Igor'!$B$6:$B$300,$A9,'Igor'!$F$6:$F$300,"Concluído"))&" / "&(COUNTIF('Clarice'!$B$6:$B$300,$A9)+COUNTIF('Luisa'!$B$6:$B$300,$A9)+COUNTIF('Lui'!$B$6:$B$300,$A9)+COUNTIF('Thaís'!$B$6:$B$300,$A9)+COUNTIF('Daniel'!$B$6:$B$300,$A9)+COUNTIF('Fernando'!$B$6:$B$300,$A9)+COUNTIF('Stephanie'!$B$6:$B$300,$A9)+COUNTIF('Fox'!$B$6:$B$300,$A9)+COUNTIF('Bruna'!$B$6:$B$300,$A9)+COUNTIF('Stella'!$B$6:$B$300,$A9)+COUNTIF('Igor'!$B$6:$B$300,$A9))) | K9: 46097 | L9: 46101 | P9: =IF($A9="","",IF(M9<>"",M9,IF(K9<>"",K9,""))) | Q9: =IF($A9="","",IF(N9<>"",N9,IF(L9<>"",L9,""))) | S9: {=IF($A9="","",_xlfn.TEXTJOIN(CHAR(10),TRUE,IF('Clarice'!$B$6:$B$300=$A9,"Clarice"&IF('Clarice'!$E$6:$E$300="",""," : "&'Clarice'!$E$6:$E$300)&" ["&'Clarice'!$F$6:$F$300&"]",""),IF('Luisa'!$B$6:$B$300=$A9,"Luisa"&IF('Luisa'!$E$6:$E$300="",""," : "&'Luisa'!$E$6:$E$300)&" ["&'Luisa'!$F$6:$F$300&"]",""),IF('Lui'!$B$6:$B$300=$A9,"Lui"&IF('Lui'!$E$6:$E$300="",""," : "&'Lui'!$E$6:$E$300)&" ["&'Lui'!$F$6:$F$300&"]",""),IF('Thaís'!$B$6:$B$300=$A9,"Thaís"&IF('Thaís'!$E$6:$E$300="",""," : "&'Thaís'!$E$6:$E$300)&" ["&'Thaís'!$F$6:$F$300&"]",""),IF('Daniel'!$B$6:$B$300=$A9,"Daniel"&IF('Daniel'!$E$6:$E$300="",""," : "&'Daniel'!$E$6:$E$300)&" ["&'Daniel'!$F$6:$F$300&"]",""),IF('Fernando'!$B$6:$B$300=$A9,"Fernando"&IF('Fernando'!$E$6:$E$300="",""," : "&'Fernando'!$E$6:$E$300)&" ["&'Fernando'!$F$6:$F$300&"]",""),IF('Stephanie'!$B$6:$B$300=$A9,"Stephanie"&IF('Stephanie'!$E$6:$E$300="",""," : "&'Stephanie'!$E$6:$E$300)&" ["&'Stephanie'!$F$6:$F$300&"]",""),IF('Fox'!$B$6:$B$300=$A9,"Fox"&IF('Fox'!$E$6:$E$300="",""," : "&'Fox'!$E$6:$E$300)&" ["&'Fox'!$F$6:$F$300&"]",""),IF('Bruna'!$B$6:$B$300=$A9,"Bruna"&IF('Bruna'!$E$6:$E$300="",""," : "&'Bruna'!$E$6:$E$300)&" ["&'Bruna'!$F$6:$F$300&"]",""),IF('Stella'!$B$6:$B$300=$A9,"Stella"&IF('Stella'!$E$6:$E$300="",""," : "&'Stella'!$E$6:$E$300)&" ["&'Stella'!$F$6:$F$300&"]",""),IF('Igor'!$B$6:$B$300=$A9,"Igor"&IF('Igor'!$E$6:$E$300="",""," : "&'Igor'!$E$6:$E$300)&" ["&'Igor'!$F$6:$F$300&"]","")))}
A10: ART-003 | B10: Extra - Artigo | C10: 1. Elaboração do artigo sobre a caixa de ferramentas | E10: Escrever a versão preliminar | F10: Thaís | G10: =IF($A10="","",_xlfn.TEXTJOIN("; ",TRUE,IF(COUNTIF('Clarice'!$B$6:$B$300,$A10)>0,"Clarice",""),IF(COUNTIF('Luisa'!$B$6:$B$300,$A10)>0,"Luisa",""),IF(COUNTIF('Lui'!$B$6:$B$300,$A10)>0,"Lui",""),IF(COUNTIF('Thaís'!$B$6:$B$300,$A10)>0,"Thaís",""),IF(COUNTIF('Daniel'!$B$6:$B$300,$A10)>0,"Daniel",""),IF(COUNTIF('Fernando'!$B$6:$B$300,$A10)>0,"Fernando",""),IF(COUNTIF('Stephanie'!$B$6:$B$300,$A10)>0,"Stephanie",""),IF(COUNTIF('Fox'!$B$6:$B$300,$A10)>0,"Fox",""),IF(COUNTIF('Bruna'!$B$6:$B$300,$A10)>0,"Bruna",""),IF(COUNTIF('Stella'!$B$6:$B$300,$A10)>0,"Stella",""),IF(COUNTIF('Igor'!$B$6:$B$300,$A10)>0,"Igor",""))) | I10: Concluído | J10: =IF(OR($A10="",(COUNTIF('Clarice'!$B$6:$B$300,$A10)+COUNTIF('Luisa'!$B$6:$B$300,$A10)+COUNTIF('Lui'!$B$6:$B$300,$A10)+COUNTIF('Thaís'!$B$6:$B$300,$A10)+COUNTIF('Daniel'!$B$6:$B$300,$A10)+COUNTIF('Fernando'!$B$6:$B$300,$A10)+COUNTIF('Stephanie'!$B$6:$B$300,$A10)+COUNTIF('Fox'!$B$6:$B$300,$A10)+COUNTIF('Bruna'!$B$6:$B$300,$A10)+COUNTIF('Stella'!$B$6:$B$300,$A10)+COUNTIF('Igor'!$B$6:$B$300,$A10))=0),"",(COUNTIFS('Clarice'!$B$6:$B$300,$A10,'Clarice'!$F$6:$F$300,"Concluído")+COUNTIFS('Luisa'!$B$6:$B$300,$A10,'Luisa'!$F$6:$F$300,"Concluído")+COUNTIFS('Lui'!$B$6:$B$300,$A10,'Lui'!$F$6:$F$300,"Concluído")+COUNTIFS('Thaís'!$B$6:$B$300,$A10,'Thaís'!$F$6:$F$300,"Concluído")+COUNTIFS('Daniel'!$B$6:$B$300,$A10,'Daniel'!$F$6:$F$300,"Concluído")+COUNTIFS('Fernando'!$B$6:$B$300,$A10,'Fernando'!$F$6:$F$300,"Concluído")+COUNTIFS('Stephanie'!$B$6:$B$300,$A10,'Stephanie'!$F$6:$F$300,"Concluído")+COUNTIFS('Fox'!$B$6:$B$300,$A10,'Fox'!$F$6:$F$300,"Concluído")+COUNTIFS('Bruna'!$B$6:$B$300,$A10,'Bruna'!$F$6:$F$300,"Concluído")+COUNTIFS('Stella'!$B$6:$B$300,$A10,'Stella'!$F$6:$F$300,"Concluído")+COUNTIFS('Igor'!$B$6:$B$300,$A10,'Igor'!$F$6:$F$300,"Concluído"))&" / "&(COUNTIF('Clarice'!$B$6:$B$300,$A10)+COUNTIF('Luisa'!$B$6:$B$300,$A10)+COUNTIF('Lui'!$B$6:$B$300,$A10)+COUNTIF('Thaís'!$B$6:$B$300,$A10)+COUNTIF('Daniel'!$B$6:$B$300,$A10)+COUNTIF('Fernando'!$B$6:$B$300,$A10)+COUNTIF('Stephanie'!$B$6:$B$300,$A10)+COUNTIF('Fox'!$B$6:$B$300,$A10)+COUNTIF('Bruna'!$B$6:$B$300,$A10)+COUNTIF('Stella'!$B$6:$B$300,$A10)+COUNTIF('Igor'!$B$6:$B$300,$A10))) | K10: 46097 | L10: 46112 | P10: =IF($A10="","",IF(M10<>"",M10,IF(K10<>"",K10,""))) | Q10: =IF($A10="","",IF(N10<>"",N10,IF(L10<>"",L10,""))) | S10: {=IF($A10="","",_xlfn.TEXTJOIN(CHAR(10),TRUE,IF('Clarice'!$B$6:$B$300=$A10,"Clarice"&IF('Clarice'!$E$6:$E$300="",""," : "&'Clarice'!$E$6:$E$300)&" ["&'Clarice'!$F$6:$F$300&"]",""),IF('Luisa'!$B$6:$B$300=$A10,"Luisa"&IF('Luisa'!$E$6:$E$300="",""," : "&'Luisa'!$E$6:$E$300)&" ["&'Luisa'!$F$6:$F$300&"]",""),IF('Lui'!$B$6:$B$300=$A10,"Lui"&IF('Lui'!$E$6:$E$300="",""," : "&'Lui'!$E$6:$E$300)&" ["&'Lui'!$F$6:$F$300&"]",""),IF('Thaís'!$B$6:$B$300=$A10,"Thaís"&IF('Thaís'!$E$6:$E$300="",""," : "&'Thaís'!$E$6:$E$300)&" ["&'Thaís'!$F$6:$F$300&"]",""),IF('Daniel'!$B$6:$B$300=$A10,"Daniel"&IF('Daniel'!$E$6:$E$300="",""," : "&'Daniel'!$E$6:$E$300)&" ["&'Daniel'!$F$6:$F$300&"]",""),IF('Fernando'!$B$6:$B$300=$A10,"Fernando"&IF('Fernando'!$E$6:$E$300="",""," : "&'Fernando'!$E$6:$E$300)&" ["&'Fernando'!$F$6:$F$300&"]",""),IF('Stephanie'!$B$6:$B$300=$A10,"Stephanie"&IF('Stephanie'!$E$6:$E$300="",""," : "&'Stephanie'!$E$6:$E$300)&" ["&'Stephanie'!$F$6:$F$300&"]",""),IF('Fox'!$B$6:$B$300=$A10,"Fox"&IF('Fox'!$E$6:$E$300="",""," : "&'Fox'!$E$6:$E$300)&" ["&'Fox'!$F$6:$F$300&"]",""),IF('Bruna'!$B$6:$B$300=$A10,"Bruna"&IF('Bruna'!$E$6:$E$300="",""," : "&'Bruna'!$E$6:$E$300)&" ["&'Bruna'!$F$6:$F$300&"]",""),IF('Stella'!$B$6:$B$300=$A10,"Stella"&IF('Stella'!$E$6:$E$300="",""," : "&'Stella'!$E$6:$E$300)&" ["&'Stella'!$F$6:$F$300&"]",""),IF('Igor'!$B$6:$B$300=$A10,"Igor"&IF('Igor'!$E$6:$E$300="",""," : "&'Igor'!$E$6:$E$300)&" ["&'Igor'!$F$6:$F$300&"]","")))}
A11: ART-004 | B11: Extra - Artigo | C11: 1. Elaboração do artigo sobre a caixa de ferramentas | E11: Preparar tabelas e figuras | F11: Thaís | G11: =IF($A11="","",_xlfn.TEXTJOIN("; ",TRUE,IF(COUNTIF('Clarice'!$B$6:$B$300,$A11)>0,"Clarice",""),IF(COUNTIF('Luisa'!$B$6:$B$300,$A11)>0,"Luisa",""),IF(COUNTIF('Lui'!$B$6:$B$300,$A11)>0,"Lui",""),IF(COUNTIF('Thaís'!$B$6:$B$300,$A11)>0,"Thaís",""),IF(COUNTIF('Daniel'!$B$6:$B$300,$A11)>0,"Daniel",""),IF(COUNTIF('Fernando'!$B$6:$B$300,$A11)>0,"Fernando",""),IF(COUNTIF('Stephanie'!$B$6:$B$300,$A11)>0,"Stephanie",""),IF(COUNTIF('Fox'!$B$6:$B$300,$A11)>0,"Fox",""),IF(COUNTIF('Bruna'!$B$6:$B$300,$A11)>0,"Bruna",""),IF(COUNTIF('Stella'!$B$6:$B$300,$A11)>0,"Stella",""),IF(COUNTIF('Igor'!$B$6:$B$300,$A11)>0,"Igor",""))) | I11: Concluído | J11: =IF(OR($A11="",(COUNTIF('Clarice'!$B$6:$B$300,$A11)+COUNTIF('Luisa'!$B$6:$B$300,$A11)+COUNTIF('Lui'!$B$6:$B$300,$A11)+COUNTIF('Thaís'!$B$6:$B$300,$A11)+COUNTIF('Daniel'!$B$6:$B$300,$A11)+COUNTIF('Fernando'!$B$6:$B$300,$A11)+COUNTIF('Stephanie'!$B$6:$B$300,$A11)+COUNTIF('Fox'!$B$6:$B$300,$A11)+COUNTIF('Bruna'!$B$6:$B$300,$A11)+COUNTIF('Stella'!$B$6:$B$300,$A11)+COUNTIF('Igor'!$B$6:$B$300,$A11))=0),"",(COUNTIFS('Clarice'!$B$6:$B$300,$A11,'Clarice'!$F$6:$F$300,"Concluído")+COUNTIFS('Luisa'!$B$6:$B$300,$A11,'Luisa'!$F$6:$F$300,"Concluído")+COUNTIFS('Lui'!$B$6:$B$300,$A11,'Lui'!$F$6:$F$300,"Concluído")+COUNTIFS('Thaís'!$B$6:$B$300,$A11,'Thaís'!$F$6:$F$300,"Concluído")+COUNTIFS('Daniel'!$B$6:$B$300,$A11,'Daniel'!$F$6:$F$300,"Concluído")+COUNTIFS('Fernando'!$B$6:$B$300,$A11,'Fernando'!$F$6:$F$300,"Concluído")+COUNTIFS('Stephanie'!$B$6:$B$300,$A11,'Stephanie'!$F$6:$F$300,"Concluído")+COUNTIFS('Fox'!$B$6:$B$300,$A11,'Fox'!$F$6:$F$300,"Concluído")+COUNTIFS('Bruna'!$B$6:$B$300,$A11,'Bruna'!$F$6:$F$300,"Concluído")+COUNTIFS('Stella'!$B$6:$B$300,$A11,'Stella'!$F$6:$F$300,"Concluído")+COUNTIFS('Igor'!$B$6:$B$300,$A11,'Igor'!$F$6:$F$300,"Concluído"))&" / "&(COUNTIF('Clarice'!$B$6:$B$300,$A11)+COUNTIF('Luisa'!$B$6:$B$300,$A11)+COUNTIF('Lui'!$B$6:$B$300,$A11)+COUNTIF('Thaís'!$B$6:$B$300,$A11)+COUNTIF('Daniel'!$B$6:$B$300,$A11)+COUNTIF('Fernando'!$B$6:$B$300,$A11)+COUNTIF('Stephanie'!$B$6:$B$300,$A11)+COUNTIF('Fox'!$B$6:$B$300,$A11)+COUNTIF('Bruna'!$B$6:$B$300,$A11)+COUNTIF('Stella'!$B$6:$B$300,$A11)+COUNTIF('Igor'!$B$6:$B$300,$A11))) | K11: 46097 | L11: 46112 | M11: 46097 | N11: 46192 | P11: =IF($A11="","",IF(M11<>"",M11,IF(K11<>"",K11,""))) | Q11: =IF($A11="","",IF(N11<>"",N11,IF(L11<>"",L11,""))) | S11: {=IF($A11="","",_xlfn.TEXTJOIN(CHAR(10),TRUE,IF('Clarice'!$B$6:$B$300=$A11,"Clarice"&IF('Clarice'!$E$6:$E$300="",""," : "&'Clarice'!$E$6:$E$300)&" ["&'Clarice'!$F$6:$F$300&"]",""),IF('Luisa'!$B$6:$B$300=$A11,"Luisa"&IF('Luisa'!$E$6:$E$300="",""," : "&'Luisa'!$E$6:$E$300)&" ["&'Luisa'!$F$6:$F$300&"]",""),IF('Lui'!$B$6:$B$300=$A11,"Lui"&IF('Lui'!$E$6:$E$300="",""," : "&'Lui'!$E$6:$E$300)&" ["&'Lui'!$F$6:$F$300&"]",""),IF('Thaís'!$B$6:$B$300=$A11,"Thaís"&IF('Thaís'!$E$6:$E$300="",""," : "&'Thaís'!$E$6:$E$300)&" ["&'Thaís'!$F$6:$F$300&"]",""),IF('Daniel'!$B$6:$B$300=$A11,"Daniel"&IF('Daniel'!$E$6:$E$300="",""," : "&'Daniel'!$E$6:$E$300)&" ["&'Daniel'!$F$6:$F$300&"]",""),IF('Fernando'!$B$6:$B$300=$A11,"Fernando"&IF('Fernando'!$E$6:$E$300="",""," : "&'Fernando'!$E$6:$E$300)&" ["&'Fernando'!$F$6:$F$300&"]",""),IF('Stephanie'!$B$6:$B$300=$A11,"Stephanie"&IF('Stephanie'!$E$6:$E$300="",""," : "&'Stephanie'!$E$6:$E$300)&" ["&'Stephanie'!$F$6:$F$300&"]",""),IF('Fox'!$B$6:$B$300=$A11,"Fox"&IF('Fox'!$E$6:$E$300="",""," : "&'Fox'!$E$6:$E$300)&" ["&'Fox'!$F$6:$F$300&"]",""),IF('Bruna'!$B$6:$B$300=$A11,"Bruna"&IF('Bruna'!$E$6:$E$300="",""," : "&'Bruna'!$E$6:$E$300)&" ["&'Bruna'!$F$6:$F$300&"]",""),IF('Stella'!$B$6:$B$300=$A11,"Stella"&IF('Stella'!$E$6:$E$300="",""," : "&'Stella'!$E$6:$E$300)&" ["&'Stella'!$F$6:$F$300&"]",""),IF('Igor'!$B$6:$B$300=$A11,"Igor"&IF('Igor'!$E$6:$E$300="",""," : "&'Igor'!$E$6:$E$300)&" ["&'Igor'!$F$6:$F$300&"]","")))}
A12: ART-005 | B12: Extra - Artigo | C12: 1. Elaboração do artigo sobre a caixa de ferramentas | E12: Preparar material suplementar | F12: Thaís | G12: =IF($A12="","",_xlfn.TEXTJOIN("; ",TRUE,IF(COUNTIF('Clarice'!$B$6:$B$300,$A12)>0,"Clarice",""),IF(COUNTIF('Luisa'!$B$6:$B$300,$A12)>0,"Luisa",""),IF(COUNTIF('Lui'!$B$6:$B$300,$A12)>0,"Lui",""),IF(COUNTIF('Thaís'!$B$6:$B$300,$A12)>0,"Thaís",""),IF(COUNTIF('Daniel'!$B$6:$B$300,$A12)>0,"Daniel",""),IF(COUNTIF('Fernando'!$B$6:$B$300,$A12)>0,"Fernando",""),IF(COUNTIF('Stephanie'!$B$6:$B$300,$A12)>0,"Stephanie",""),IF(COUNTIF('Fox'!$B$6:$B$300,$A12)>0,"Fox",""),IF(COUNTIF('Bruna'!$B$6:$B$300,$A12)>0,"Bruna",""),IF(COUNTIF('Stella'!$B$6:$B$300,$A12)>0,"Stella",""),IF(COUNTIF('Igor'!$B$6:$B$300,$A12)>0,"Igor",""))) | I12: Concluído | J12: =IF(OR($A12="",(COUNTIF('Clarice'!$B$6:$B$300,$A12)+COUNTIF('Luisa'!$B$6:$B$300,$A12)+COUNTIF('Lui'!$B$6:$B$300,$A12)+COUNTIF('Thaís'!$B$6:$B$300,$A12)+COUNTIF('Daniel'!$B$6:$B$300,$A12)+COUNTIF('Fernando'!$B$6:$B$300,$A12)+COUNTIF('Stephanie'!$B$6:$B$300,$A12)+COUNTIF('Fox'!$B$6:$B$300,$A12)+COUNTIF('Bruna'!$B$6:$B$300,$A12)+COUNTIF('Stella'!$B$6:$B$300,$A12)+COUNTIF('Igor'!$B$6:$B$300,$A12))=0),"",(COUNTIFS('Clarice'!$B$6:$B$300,$A12,'Clarice'!$F$6:$F$300,"Concluído")+COUNTIFS('Luisa'!$B$6:$B$300,$A12,'Luisa'!$F$6:$F$300,"Concluído")+COUNTIFS('Lui'!$B$6:$B$300,$A12,'Lui'!$F$6:$F$300,"Concluído")+COUNTIFS('Thaís'!$B$6:$B$300,$A12,'Thaís'!$F$6:$F$300,"Concluído")+COUNTIFS('Daniel'!$B$6:$B$300,$A12,'Daniel'!$F$6:$F$300,"Concluído")+COUNTIFS('Fernando'!$B$6:$B$300,$A12,'Fernando'!$F$6:$F$300,"Concluído")+COUNTIFS('Stephanie'!$B$6:$B$300,$A12,'Stephanie'!$F$6:$F$300,"Concluído")+COUNTIFS('Fox'!$B$6:$B$300,$A12,'Fox'!$F$6:$F$300,"Concluído")+COUNTIFS('Bruna'!$B$6:$B$300,$A12,'Bruna'!$F$6:$F$300,"Concluído")+COUNTIFS('Stella'!$B$6:$B$300,$A12,'Stella'!$F$6:$F$300,"Concluído")+COUNTIFS('Igor'!$B$6:$B$300,$A12,'Igor'!$F$6:$F$300,"Concluído"))&" / "&(COUNTIF('Clarice'!$B$6:$B$300,$A12)+COUNTIF('Luisa'!$B$6:$B$300,$A12)+COUNTIF('Lui'!$B$6:$B$300,$A12)+COUNTIF('Thaís'!$B$6:$B$300,$A12)+COUNTIF('Daniel'!$B$6:$B$300,$A12)+COUNTIF('Fernando'!$B$6:$B$300,$A12)+COUNTIF('Stephanie'!$B$6:$B$300,$A12)+COUNTIF('Fox'!$B$6:$B$300,$A12)+COUNTIF('Bruna'!$B$6:$B$300,$A12)+COUNTIF('Stella'!$B$6:$B$300,$A12)+COUNTIF('Igor'!$B$6:$B$300,$A12))) | K12: 46097 | L12: 46114 | M12: 46097 | N12: 46185 | P12: =IF($A12="","",IF(M12<>"",M12,IF(K12<>"",K12,""))) | Q12: =IF($A12="","",IF(N12<>"",N12,IF(L12<>"",L12,""))) | S12: {=IF($A12="","",_xlfn.TEXTJOIN(CHAR(10),TRUE,IF('Clarice'!$B$6:$B$300=$A12,"Clarice"&IF('Clarice'!$E$6:$E$300="",""," : "&'Clarice'!$E$6:$E$300)&" ["&'Clarice'!$F$6:$F$300&"]",""),IF('Luisa'!$B$6:$B$300=$A12,"Luisa"&IF('Luisa'!$E$6:$E$300="",""," : "&'Luisa'!$E$6:$E$300)&" ["&'Luisa'!$F$6:$F$300&"]",""),IF('Lui'!$B$6:$B$300=$A12,"Lui"&IF('Lui'!$E$6:$E$300="",""," : "&'Lui'!$E$6:$E$300)&" ["&'Lui'!$F$6:$F$300&"]",""),IF('Thaís'!$B$6:$B$300=$A12,"Thaís"&IF('Thaís'!$E$6:$E$300="",""," : "&'Thaís'!$E$6:$E$300)&" ["&'Thaís'!$F$6:$F$300&"]",""),IF('Daniel'!$B$6:$B$300=$A12,"Daniel"&IF('Daniel'!$E$6:$E$300="",""," : "&'Daniel'!$E$6:$E$300)&" ["&'Daniel'!$F$6:$F$300&"]",""),IF('Fernando'!$B$6:$B$300=$A12,"Fernando"&IF('Fernando'!$E$6:$E$300="",""," : "&'Fernando'!$E$6:$E$300)&" ["&'Fernando'!$F$6:$F$300&"]",""),IF('Stephanie'!$B$6:$B$300=$A12,"Stephanie"&IF('Stephanie'!$E$6:$E$300="",""," : "&'Stephanie'!$E$6:$E$300)&" ["&'Stephanie'!$F$6:$F$300&"]",""),IF('Fox'!$B$6:$B$300=$A12,"Fox"&IF('Fox'!$E$6:$E$300="",""," : "&'Fox'!$E$6:$E$300)&" ["&'Fox'!$F$6:$F$300&"]",""),IF('Bruna'!$B$6:$B$300=$A12,"Bruna"&IF('Bruna'!$E$6:$E$300="",""," : "&'Bruna'!$E$6:$E$300)&" ["&'Bruna'!$F$6:$F$300&"]",""),IF('Stella'!$B$6:$B$300=$A12,"Stella"&IF('Stella'!$E$6:$E$300="",""," : "&'Stella'!$E$6:$E$300)&" ["&'Stella'!$F$6:$F$300&"]",""),IF('Igor'!$B$6:$B$300=$A12,"Igor"&IF('Igor'!$E$6:$E$300="",""," : "&'Igor'!$E$6:$E$300)&" ["&'Igor'!$F$6:$F$300&"]","")))}
A13: ART-006 | B13: Extra - Artigo | C13: 1. Elaboração do artigo sobre a caixa de ferramentas | E13: Revisão pela equipe interna | F13: Thaís | G13: =IF($A13="","",_xlfn.TEXTJOIN("; ",TRUE,IF(COUNTIF('Clarice'!$B$6:$B$300,$A13)>0,"Clarice",""),IF(COUNTIF('Luisa'!$B$6:$B$300,$A13)>0,"Luisa",""),IF(COUNTIF('Lui'!$B$6:$B$300,$A13)>0,"Lui",""),IF(COUNTIF('Thaís'!$B$6:$B$300,$A13)>0,"Thaís",""),IF(COUNTIF('Daniel'!$B$6:$B$300,$A13)>0,"Daniel",""),IF(COUNTIF('Fernando'!$B$6:$B$300,$A13)>0,"Fernando",""),IF(COUNTIF('Stephanie'!$B$6:$B$300,$A13)>0,"Stephanie",""),IF(COUNTIF('Fox'!$B$6:$B$300,$A13)>0,"Fox",""),IF(COUNTIF('Bruna'!$B$6:$B$300,$A13)>0,"Bruna",""),IF(COUNTIF('Stella'!$B$6:$B$300,$A13)>0,"Stella",""),IF(COUNTIF('Igor'!$B$6:$B$300,$A13)>0,"Igor",""))) | I13: Concluído | J13: =IF(OR($A13="",(COUNTIF('Clarice'!$B$6:$B$300,$A13)+COUNTIF('Luisa'!$B$6:$B$300,$A13)+COUNTIF('Lui'!$B$6:$B$300,$A13)+COUNTIF('Thaís'!$B$6:$B$300,$A13)+COUNTIF('Daniel'!$B$6:$B$300,$A13)+COUNTIF('Fernando'!$B$6:$B$300,$A13)+COUNTIF('Stephanie'!$B$6:$B$300,$A13)+COUNTIF('Fox'!$B$6:$B$300,$A13)+COUNTIF('Bruna'!$B$6:$B$300,$A13)+COUNTIF('Stella'!$B$6:$B$300,$A13)+COUNTIF('Igor'!$B$6:$B$300,$A13))=0),"",(COUNTIFS('Clarice'!$B$6:$B$300,$A13,'Clarice'!$F$6:$F$300,"Concluído")+COUNTIFS('Luisa'!$B$6:$B$300,$A13,'Luisa'!$F$6:$F$300,"Concluído")+COUNTIFS('Lui'!$B$6:$B$300,$A13,'Lui'!$F$6:$F$300,"Concluído")+COUNTIFS('Thaís'!$B$6:$B$300,$A13,'Thaís'!$F$6:$F$300,"Concluído")+COUNTIFS('Daniel'!$B$6:$B$300,$A13,'Daniel'!$F$6:$F$300,"Concluído")+COUNTIFS('Fernando'!$B$6:$B$300,$A13,'Fernando'!$F$6:$F$300,"Concluído")+COUNTIFS('Stephanie'!$B$6:$B$300,$A13,'Stephanie'!$F$6:$F$300,"Concluído")+COUNTIFS('Fox'!$B$6:$B$300,$A13,'Fox'!$F$6:$F$300,"Concluído")+COUNTIFS('Bruna'!$B$6:$B$300,$A13,'Bruna'!$F$6:$F$300,"Concluído")+COUNTIFS('Stella'!$B$6:$B$300,$A13,'Stella'!$F$6:$F$300,"Concluído")+COUNTIFS('Igor'!$B$6:$B$300,$A13,'Igor'!$F$6:$F$300,"Concluído"))&" / "&(COUNTIF('Clarice'!$B$6:$B$300,$A13)+COUNTIF('Luisa'!$B$6:$B$300,$A13)+COUNTIF('Lui'!$B$6:$B$300,$A13)+COUNTIF('Thaís'!$B$6:$B$300,$A13)+COUNTIF('Daniel'!$B$6:$B$300,$A13)+COUNTIF('Fernando'!$B$6:$B$300,$A13)+COUNTIF('Stephanie'!$B$6:$B$300,$A13)+COUNTIF('Fox'!$B$6:$B$300,$A13)+COUNTIF('Bruna'!$B$6:$B$300,$A13)+COUNTIF('Stella'!$B$6:$B$300,$A13)+COUNTIF('Igor'!$B$6:$B$300,$A13))) | K13: 46111 | L13: 46129 | P13: =IF($A13="","",IF(M13<>"",M13,IF(K13<>"",K13,""))) | Q13: =IF($A13="","",IF(N13<>"",N13,IF(L13<>"",L13,""))) | S13: {=IF($A13="","",_xlfn.TEXTJOIN(CHAR(10),TRUE,IF('Clarice'!$B$6:$B$300=$A13,"Clarice"&IF('Clarice'!$E$6:$E$300="",""," : "&'Clarice'!$E$6:$E$300)&" ["&'Clarice'!$F$6:$F$300&"]",""),IF('Luisa'!$B$6:$B$300=$A13,"Luisa"&IF('Luisa'!$E$6:$E$300="",""," : "&'Luisa'!$E$6:$E$300)&" ["&'Luisa'!$F$6:$F$300&"]",""),IF('Lui'!$B$6:$B$300=$A13,"Lui"&IF('Lui'!$E$6:$E$300="",""," : "&'Lui'!$E$6:$E$300)&" ["&'Lui'!$F$6:$F$300&"]",""),IF('Thaís'!$B$6:$B$300=$A13,"Thaís"&IF('Thaís'!$E$6:$E$300="",""," : "&'Thaís'!$E$6:$E$300)&" ["&'Thaís'!$F$6:$F$300&"]",""),IF('Daniel'!$B$6:$B$300=$A13,"Daniel"&IF('Daniel'!$E$6:$E$300="",""," : "&'Daniel'!$E$6:$E$300)&" ["&'Daniel'!$F$6:$F$300&"]",""),IF('Fernando'!$B$6:$B$300=$A13,"Fernando"&IF('Fernando'!$E$6:$E$300="",""," : "&'Fernando'!$E$6:$E$300)&" ["&'Fernando'!$F$6:$F$300&"]",""),IF('Stephanie'!$B$6:$B$300=$A13,"Stephanie"&IF('Stephanie'!$E$6:$E$300="",""," : "&'Stephanie'!$E$6:$E$300)&" ["&'Stephanie'!$F$6:$F$300&"]",""),IF('Fox'!$B$6:$B$300=$A13,"Fox"&IF('Fox'!$E$6:$E$300="",""," : "&'Fox'!$E$6:$E$300)&" ["&'Fox'!$F$6:$F$300&"]",""),IF('Bruna'!$B$6:$B$300=$A13,"Bruna"&IF('Bruna'!$E$6:$E$300="",""," : "&'Bruna'!$E$6:$E$300)&" ["&'Bruna'!$F$6:$F$300&"]",""),IF('Stella'!$B$6:$B$300=$A13,"Stella"&IF('Stella'!$E$6:$E$300="",""," : "&'Stella'!$E$6:$E$300)&" ["&'Stella'!$F$6:$F$300&"]",""),IF('Igor'!$B$6:$B$300=$A13,"Igor"&IF('Igor'!$E$6:$E$300="",""," : "&'Igor'!$E$6:$E$300)&" ["&'Igor'!$F$6:$F$300&"]","")))}
A14: ART-007 | B14: Extra - Artigo | C14: 1. Elaboração do artigo sobre a caixa de ferramentas | E14: Envio do artigo para revisão da Bruna | F14: Thaís | G14: =IF($A14="","",_xlfn.TEXTJOIN("; ",TRUE,IF(COUNTIF('Clarice'!$B$6:$B$300,$A14)>0,"Clarice",""),IF(COUNTIF('Luisa'!$B$6:$B$300,$A14)>0,"Luisa",""),IF(COUNTIF('Lui'!$B$6:$B$300,$A14)>0,"Lui",""),IF(COUNTIF('Thaís'!$B$6:$B$300,$A14)>0,"Thaís",""),IF(COUNTIF('Daniel'!$B$6:$B$300,$A14)>0,"Daniel",""),IF(COUNTIF('Fernando'!$B$6:$B$300,$A14)>0,"Fernando",""),IF(COUNTIF('Stephanie'!$B$6:$B$300,$A14)>0,"Stephanie",""),IF(COUNTIF('Fox'!$B$6:$B$300,$A14)>0,"Fox",""),IF(COUNTIF('Bruna'!$B$6:$B$300,$A14)>0,"Bruna",""),IF(COUNTIF('Stella'!$B$6:$B$300,$A14)>0,"Stella",""),IF(COUNTIF('Igor'!$B$6:$B$300,$A14)>0,"Igor",""))) | I14: Concluído | J14: =IF(OR($A14="",(COUNTIF('Clarice'!$B$6:$B$300,$A14)+COUNTIF('Luisa'!$B$6:$B$300,$A14)+COUNTIF('Lui'!$B$6:$B$300,$A14)+COUNTIF('Thaís'!$B$6:$B$300,$A14)+COUNTIF('Daniel'!$B$6:$B$300,$A14)+COUNTIF('Fernando'!$B$6:$B$300,$A14)+COUNTIF('Stephanie'!$B$6:$B$300,$A14)+COUNTIF('Fox'!$B$6:$B$300,$A14)+COUNTIF('Bruna'!$B$6:$B$300,$A14)+COUNTIF('Stella'!$B$6:$B$300,$A14)+COUNTIF('Igor'!$B$6:$B$300,$A14))=0),"",(COUNTIFS('Clarice'!$B$6:$B$300,$A14,'Clarice'!$F$6:$F$300,"Concluído")+COUNTIFS('Luisa'!$B$6:$B$300,$A14,'Luisa'!$F$6:$F$300,"Concluído")+COUNTIFS('Lui'!$B$6:$B$300,$A14,'Lui'!$F$6:$F$300,"Concluído")+COUNTIFS('Thaís'!$B$6:$B$300,$A14,'Thaís'!$F$6:$F$300,"Concluído")+COUNTIFS('Daniel'!$B$6:$B$300,$A14,'Daniel'!$F$6:$F$300,"Concluído")+COUNTIFS('Fernando'!$B$6:$B$300,$A14,'Fernando'!$F$6:$F$300,"Concluído")+COUNTIFS('Stephanie'!$B$6:$B$300,$A14,'Stephanie'!$F$6:$F$300,"Concluído")+COUNTIFS('Fox'!$B$6:$B$300,$A14,'Fox'!$F$6:$F$300,"Concluído")+COUNTIFS('Bruna'!$B$6:$B$300,$A14,'Bruna'!$F$6:$F$300,"Concluído")+COUNTIFS('Stella'!$B$6:$B$300,$A14,'Stella'!$F$6:$F$300,"Concluído")+COUNTIFS('Igor'!$B$6:$B$300,$A14,'Igor'!$F$6:$F$300,"Concluído"))&" / "&(COUNTIF('Clarice'!$B$6:$B$300,$A14)+COUNTIF('Luisa'!$B$6:$B$300,$A14)+COUNTIF('Lui'!$B$6:$B$300,$A14)+COUNTIF('Thaís'!$B$6:$B$300,$A14)+COUNTIF('Daniel'!$B$6:$B$300,$A14)+COUNTIF('Fernando'!$B$6:$B$300,$A14)+COUNTIF('Stephanie'!$B$6:$B$300,$A14)+COUNTIF('Fox'!$B$6:$B$300,$A14)+COUNTIF('Bruna'!$B$6:$B$300,$A14)+COUNTIF('Stella'!$B$6:$B$300,$A14)+COUNTIF('Igor'!$B$6:$B$300,$A14))) | O14: 46129 | P14: =IF($A14="","",IF(M14<>"",M14,IF(K14<>"",K14,""))) | Q14: =IF($A14="","",IF(N14<>"",N14,IF(L14<>"",L14,""))) | S14: {=IF($A14="","",_xlfn.TEXTJOIN(CHAR(10),TRUE,IF('Clarice'!$B$6:$B$300=$A14,"Clarice"&IF('Clarice'!$E$6:$E$300="",""," : "&'Clarice'!$E$6:$E$300)&" ["&'Clarice'!$F$6:$F$300&"]",""),IF('Luisa'!$B$6:$B$300=$A14,"Luisa"&IF('Luisa'!$E$6:$E$300="",""," : "&'Luisa'!$E$6:$E$300)&" ["&'Luisa'!$F$6:$F$300&"]",""),IF('Lui'!$B$6:$B$300=$A14,"Lui"&IF('Lui'!$E$6:$E$300="",""," : "&'Lui'!$E$6:$E$300)&" ["&'Lui'!$F$6:$F$300&"]",""),IF('Thaís'!$B$6:$B$300=$A14,"Thaís"&IF('Thaís'!$E$6:$E$300="",""," : "&'Thaís'!$E$6:$E$300)&" ["&'Thaís'!$F$6:$F$300&"]",""),IF('Daniel'!$B$6:$B$300=$A14,"Daniel"&IF('Daniel'!$E$6:$E$300="",""," : "&'Daniel'!$E$6:$E$300)&" ["&'Daniel'!$F$6:$F$300&"]",""),IF('Fernando'!$B$6:$B$300=$A14,"Fernando"&IF('Fernando'!$E$6:$E$300="",""," : "&'Fernando'!$E$6:$E$300)&" ["&'Fernando'!$F$6:$F$300&"]",""),IF('Stephanie'!$B$6:$B$300=$A14,"Stephanie"&IF('Stephanie'!$E$6:$E$300="",""," : "&'Stephanie'!$E$6:$E$300)&" ["&'Stephanie'!$F$6:$F$300&"]",""),IF('Fox'!$B$6:$B$300=$A14,"Fox"&IF('Fox'!$E$6:$E$300="",""," : "&'Fox'!$E$6:$E$300)&" ["&'Fox'!$F$6:$F$300&"]",""),IF('Bruna'!$B$6:$B$300=$A14,"Bruna"&IF('Bruna'!$E$6:$E$300="",""," : "&'Bruna'!$E$6:$E$300)&" ["&'Bruna'!$F$6:$F$300&"]",""),IF('Stella'!$B$6:$B$300=$A14,"Stella"&IF('Stella'!$E$6:$E$300="",""," : "&'Stella'!$E$6:$E$300)&" ["&'Stella'!$F$6:$F$300&"]",""),IF('Igor'!$B$6:$B$300=$A14,"Igor"&IF('Igor'!$E$6:$E$300="",""," : "&'Igor'!$E$6:$E$300)&" ["&'Igor'!$F$6:$F$300&"]","")))}
A15: ART-008 | B15: Extra - Artigo | C15: 1. Elaboração do artigo sobre a caixa de ferramentas | E15: Revisar possibibilidade de inclusao de métricas de função | F15: Thaís | G15: =IF($A15="","",_xlfn.TEXTJOIN("; ",TRUE,IF(COUNTIF('Clarice'!$B$6:$B$300,$A15)>0,"Clarice",""),IF(COUNTIF('Luisa'!$B$6:$B$300,$A15)>0,"Luisa",""),IF(COUNTIF('Lui'!$B$6:$B$300,$A15)>0,"Lui",""),IF(COUNTIF('Thaís'!$B$6:$B$300,$A15)>0,"Thaís",""),IF(COUNTIF('Daniel'!$B$6:$B$300,$A15)>0,"Daniel",""),IF(COUNTIF('Fernando'!$B$6:$B$300,$A15)>0,"Fernando",""),IF(COUNTIF('Stephanie'!$B$6:$B$300,$A15)>0,"Stephanie",""),IF(COUNTIF('Fox'!$B$6:$B$300,$A15)>0,"Fox",""),IF(COUNTIF('Bruna'!$B$6:$B$300,$A15)>0,"Bruna",""),IF(COUNTIF('Stella'!$B$6:$B$300,$A15)>0,"Stella",""),IF(COUNTIF('Igor'!$B$6:$B$300,$A15)>0,"Igor",""))) | I15: Concluído | J15: =IF(OR($A15="",(COUNTIF('Clarice'!$B$6:$B$300,$A15)+COUNTIF('Luisa'!$B$6:$B$300,$A15)+COUNTIF('Lui'!$B$6:$B$300,$A15)+COUNTIF('Thaís'!$B$6:$B$300,$A15)+COUNTIF('Daniel'!$B$6:$B$300,$A15)+COUNTIF('Fernando'!$B$6:$B$300,$A15)+COUNTIF('Stephanie'!$B$6:$B$300,$A15)+COUNTIF('Fox'!$B$6:$B$300,$A15)+COUNTIF('Bruna'!$B$6:$B$300,$A15)+COUNTIF('Stella'!$B$6:$B$300,$A15)+COUNTIF('Igor'!$B$6:$B$300,$A15))=0),"",(COUNTIFS('Clarice'!$B$6:$B$300,$A15,'Clarice'!$F$6:$F$300,"Concluído")+COUNTIFS('Luisa'!$B$6:$B$300,$A15,'Luisa'!$F$6:$F$300,"Concluído")+COUNTIFS('Lui'!$B$6:$B$300,$A15,'Lui'!$F$6:$F$300,"Concluído")+COUNTIFS('Thaís'!$B$6:$B$300,$A15,'Thaís'!$F$6:$F$300,"Concluído")+COUNTIFS('Daniel'!$B$6:$B$300,$A15,'Daniel'!$F$6:$F$300,"Concluído")+COUNTIFS('Fernando'!$B$6:$B$300,$A15,'Fernando'!$F$6:$F$300,"Concluído")+COUNTIFS('Stephanie'!$B$6:$B$300,$A15,'Stephanie'!$F$6:$F$300,"Concluído")+COUNTIFS('Fox'!$B$6:$B$300,$A15,'Fox'!$F$6:$F$300,"Concluído")+COUNTIFS('Bruna'!$B$6:$B$300,$A15,'Bruna'!$F$6:$F$300,"Concluído")+COUNTIFS('Stella'!$B$6:$B$300,$A15,'Stella'!$F$6:$F$300,"Concluído")+COUNTIFS('Igor'!$B$6:$B$300,$A15,'Igor'!$F$6:$F$300,"Concluído"))&" / "&(COUNTIF('Clarice'!$B$6:$B$300,$A15)+COUNTIF('Luisa'!$B$6:$B$300,$A15)+COUNTIF('Lui'!$B$6:$B$300,$A15)+COUNTIF('Thaís'!$B$6:$B$300,$A15)+COUNTIF('Daniel'!$B$6:$B$300,$A15)+COUNTIF('Fernando'!$B$6:$B$300,$A15)+COUNTIF('Stephanie'!$B$6:$B$300,$A15)+COUNTIF('Fox'!$B$6:$B$300,$A15)+COUNTIF('Bruna'!$B$6:$B$300,$A15)+COUNTIF('Stella'!$B$6:$B$300,$A15)+COUNTIF('Igor'!$B$6:$B$300,$A15))) | M15: 46174 | N15: 46178 | P15: =IF($A15="","",IF(M15<>"",M15,IF(K15<>"",K15,""))) | Q15: =IF($A15="","",IF(N15<>"",N15,IF(L15<>"",L15,""))) | S15: {=IF($A15="","",_xlfn.TEXTJOIN(CHAR(10),TRUE,IF('Clarice'!$B$6:$B$300=$A15,"Clarice"&IF('Clarice'!$E$6:$E$300="",""," : "&'Clarice'!$E$6:$E$300)&" ["&'Clarice'!$F$6:$F$300&"]",""),IF('Luisa'!$B$6:$B$300=$A15,"Luisa"&IF('Luisa'!$E$6:$E$300="",""," : "&'Luisa'!$E$6:$E$300)&" ["&'Luisa'!$F$6:$F$300&"]",""),IF('Lui'!$B$6:$B$300=$A15,"Lui"&IF('Lui'!$E$6:$E$300="",""," : "&'Lui'!$E$6:$E$300)&" ["&'Lui'!$F$6:$F$300&"]",""),IF('Thaís'!$B$6:$B$300=$A15,"Thaís"&IF('Thaís'!$E$6:$E$300="",""," : "&'Thaís'!$E$6:$E$300)&" ["&'Thaís'!$F$6:$F$300&"]",""),IF('Daniel'!$B$6:$B$300=$A15,"Daniel"&IF('Daniel'!$E$6:$E$300="",""," : "&'Daniel'!$E$6:$E$300)&" ["&'Daniel'!$F$6:$F$300&"]",""),IF('Fernando'!$B$6:$B$300=$A15,"Fernando"&IF('Fernando'!$E$6:$E$300="",""," : "&'Fernando'!$E$6:$E$300)&" ["&'Fernando'!$F$6:$F$300&"]",""),IF('Stephanie'!$B$6:$B$300=$A15,"Stephanie"&IF('Stephanie'!$E$6:$E$300="",""," : "&'Stephanie'!$E$6:$E$300)&" ["&'Stephanie'!$F$6:$F$300&"]",""),IF('Fox'!$B$6:$B$300=$A15,"Fox"&IF('Fox'!$E$6:$E$300="",""," : "&'Fox'!$E$6:$E$300)&" ["&'Fox'!$F$6:$F$300&"]",""),IF('Bruna'!$B$6:$B$300=$A15,"Bruna"&IF('Bruna'!$E$6:$E$300="",""," : "&'Bruna'!$E$6:$E$300)&" ["&'Bruna'!$F$6:$F$300&"]",""),IF('Stella'!$B$6:$B$300=$A15,"Stella"&IF('Stella'!$E$6:$E$300="",""," : "&'Stella'!$E$6:$E$300)&" ["&'Stella'!$F$6:$F$300&"]",""),IF('Igor'!$B$6:$B$300=$A15,"Igor"&IF('Igor'!$E$6:$E$300="",""," : "&'Igor'!$E$6:$E$300)&" ["&'Igor'!$F$6:$F$300&"]","")))}
A16: ART-009 | B16: Extra - Artigo | C16: 1. Elaboração do artigo sobre a caixa de ferramentas | E16: Definir a revista | F16: Thaís | G16: =IF($A16="","",_xlfn.TEXTJOIN("; ",TRUE,IF(COUNTIF('Clarice'!$B$6:$B$300,$A16)>0,"Clarice",""),IF(COUNTIF('Luisa'!$B$6:$B$300,$A16)>0,"Luisa",""),IF(COUNTIF('Lui'!$B$6:$B$300,$A16)>0,"Lui",""),IF(COUNTIF('Thaís'!$B$6:$B$300,$A16)>0,"Thaís",""),IF(COUNTIF('Daniel'!$B$6:$B$300,$A16)>0,"Daniel",""),IF(COUNTIF('Fernando'!$B$6:$B$300,$A16)>0,"Fernando",""),IF(COUNTIF('Stephanie'!$B$6:$B$300,$A16)>0,"Stephanie",""),IF(COUNTIF('Fox'!$B$6:$B$300,$A16)>0,"Fox",""),IF(COUNTIF('Bruna'!$B$6:$B$300,$A16)>0,"Bruna",""),IF(COUNTIF('Stella'!$B$6:$B$300,$A16)>0,"Stella",""),IF(COUNTIF('Igor'!$B$6:$B$300,$A16)>0,"Igor",""))) | H16: Petrobras | I16: Concluído | J16: =IF(OR($A16="",(COUNTIF('Clarice'!$B$6:$B$300,$A16)+COUNTIF('Luisa'!$B$6:$B$300,$A16)+COUNTIF('Lui'!$B$6:$B$300,$A16)+COUNTIF('Thaís'!$B$6:$B$300,$A16)+COUNTIF('Daniel'!$B$6:$B$300,$A16)+COUNTIF('Fernando'!$B$6:$B$300,$A16)+COUNTIF('Stephanie'!$B$6:$B$300,$A16)+COUNTIF('Fox'!$B$6:$B$300,$A16)+COUNTIF('Bruna'!$B$6:$B$300,$A16)+COUNTIF('Stella'!$B$6:$B$300,$A16)+COUNTIF('Igor'!$B$6:$B$300,$A16))=0),"",(COUNTIFS('Clarice'!$B$6:$B$300,$A16,'Clarice'!$F$6:$F$300,"Concluído")+COUNTIFS('Luisa'!$B$6:$B$300,$A16,'Luisa'!$F$6:$F$300,"Concluído")+COUNTIFS('Lui'!$B$6:$B$300,$A16,'Lui'!$F$6:$F$300,"Concluído")+COUNTIFS('Thaís'!$B$6:$B$300,$A16,'Thaís'!$F$6:$F$300,"Concluído")+COUNTIFS('Daniel'!$B$6:$B$300,$A16,'Daniel'!$F$6:$F$300,"Concluído")+COUNTIFS('Fernando'!$B$6:$B$300,$A16,'Fernando'!$F$6:$F$300,"Concluído")+COUNTIFS('Stephanie'!$B$6:$B$300,$A16,'Stephanie'!$F$6:$F$300,"Concluído")+COUNTIFS('Fox'!$B$6:$B$300,$A16,'Fox'!$F$6:$F$300,"Concluído")+COUNTIFS('Bruna'!$B$6:$B$300,$A16,'Bruna'!$F$6:$F$300,"Concluído")+COUNTIFS('Stella'!$B$6:$B$300,$A16,'Stella'!$F$6:$F$300,"Concluído")+COUNTIFS('Igor'!$B$6:$B$300,$A16,'Igor'!$F$6:$F$300,"Concluído"))&" / "&(COUNTIF('Clarice'!$B$6:$B$300,$A16)+COUNTIF('Luisa'!$B$6:$B$300,$A16)+COUNTIF('Lui'!$B$6:$B$300,$A16)+COUNTIF('Thaís'!$B$6:$B$300,$A16)+COUNTIF('Daniel'!$B$6:$B$300,$A16)+COUNTIF('Fernando'!$B$6:$B$300,$A16)+COUNTIF('Stephanie'!$B$6:$B$300,$A16)+COUNTIF('Fox'!$B$6:$B$300,$A16)+COUNTIF('Bruna'!$B$6:$B$300,$A16)+COUNTIF('Stella'!$B$6:$B$300,$A16)+COUNTIF('Igor'!$B$6:$B$300,$A16))) | K16: 46153 | L16: 46157 | M16: 46153 | N16: 46185 | P16: =IF($A16="","",IF(M16<>"",M16,IF(K16<>"",K16,""))) | Q16: =IF($A16="","",IF(N16<>"",N16,IF(L16<>"",L16,""))) | S16: {=IF($A16="","",_xlfn.TEXTJOIN(CHAR(10),TRUE,IF('Clarice'!$B$6:$B$300=$A16,"Clarice"&IF('Clarice'!$E$6:$E$300="",""," : "&'Clarice'!$E$6:$E$300)&" ["&'Clarice'!$F$6:$F$300&"]",""),IF('Luisa'!$B$6:$B$300=$A16,"Luisa"&IF('Luisa'!$E$6:$E$300="",""," : "&'Luisa'!$E$6:$E$300)&" ["&'Luisa'!$F$6:$F$300&"]",""),IF('Lui'!$B$6:$B$300=$A16,"Lui"&IF('Lui'!$E$6:$E$300="",""," : "&'Lui'!$E$6:$E$300)&" ["&'Lui'!$F$6:$F$300&"]",""),IF('Thaís'!$B$6:$B$300=$A16,"Thaís"&IF('Thaís'!$E$6:$E$300="",""," : "&'Thaís'!$E$6:$E$300)&" ["&'Thaís'!$F$6:$F$300&"]",""),IF('Daniel'!$B$6:$B$300=$A16,"Daniel"&IF('Daniel'!$E$6:$E$300="",""," : "&'Daniel'!$E$6:$E$300)&" ["&'Daniel'!$F$6:$F$300&"]",""),IF('Fernando'!$B$6:$B$300=$A16,"Fernando"&IF('Fernando'!$E$6:$E$300="",""," : "&'Fernando'!$E$6:$E$300)&" ["&'Fernando'!$F$6:$F$300&"]",""),IF('Stephanie'!$B$6:$B$300=$A16,"Stephanie"&IF('Stephanie'!$E$6:$E$300="",""," : "&'Stephanie'!$E$6:$E$300)&" ["&'Stephanie'!$F$6:$F$300&"]",""),IF('Fox'!$B$6:$B$300=$A16,"Fox"&IF('Fox'!$E$6:$E$300="",""," : "&'Fox'!$E$6:$E$300)&" ["&'Fox'!$F$6:$F$300&"]",""),IF('Bruna'!$B$6:$B$300=$A16,"Bruna"&IF('Bruna'!$E$6:$E$300="",""," : "&'Bruna'!$E$6:$E$300)&" ["&'Bruna'!$F$6:$F$300&"]",""),IF('Stella'!$B$6:$B$300=$A16,"Stella"&IF('Stella'!$E$6:$E$300="",""," : "&'Stella'!$E$6:$E$300)&" ["&'Stella'!$F$6:$F$300&"]",""),IF('Igor'!$B$6:$B$300=$A16,"Igor"&IF('Igor'!$E$6:$E$300="",""," : "&'Igor'!$E$6:$E$300)&" ["&'Igor'!$F$6:$F$300&"]","")))}
A17: ART-010 | B17: Extra - Artigo | C17: 1. Elaboração do artigo sobre a caixa de ferramentas | E17: Formatar artigo para a revista | F17: Thaís | G17: =IF($A17="","",_xlfn.TEXTJOIN("; ",TRUE,IF(COUNTIF('Clarice'!$B$6:$B$300,$A17)>0,"Clarice",""),IF(COUNTIF('Luisa'!$B$6:$B$300,$A17)>0,"Luisa",""),IF(COUNTIF('Lui'!$B$6:$B$300,$A17)>0,"Lui",""),IF(COUNTIF('Thaís'!$B$6:$B$300,$A17)>0,"Thaís",""),IF(COUNTIF('Daniel'!$B$6:$B$300,$A17)>0,"Daniel",""),IF(COUNTIF('Fernando'!$B$6:$B$300,$A17)>0,"Fernando",""),IF(COUNTIF('Stephanie'!$B$6:$B$300,$A17)>0,"Stephanie",""),IF(COUNTIF('Fox'!$B$6:$B$300,$A17)>0,"Fox",""),IF(COUNTIF('Bruna'!$B$6:$B$300,$A17)>0,"Bruna",""),IF(COUNTIF('Stella'!$B$6:$B$300,$A17)>0,"Stella",""),IF(COUNTIF('Igor'!$B$6:$B$300,$A17)>0,"Igor",""))) | I17: Concluído | J17: =IF(OR($A17="",(COUNTIF('Clarice'!$B$6:$B$300,$A17)+COUNTIF('Luisa'!$B$6:$B$300,$A17)+COUNTIF('Lui'!$B$6:$B$300,$A17)+COUNTIF('Thaís'!$B$6:$B$300,$A17)+COUNTIF('Daniel'!$B$6:$B$300,$A17)+COUNTIF('Fernando'!$B$6:$B$300,$A17)+COUNTIF('Stephanie'!$B$6:$B$300,$A17)+COUNTIF('Fox'!$B$6:$B$300,$A17)+COUNTIF('Bruna'!$B$6:$B$300,$A17)+COUNTIF('Stella'!$B$6:$B$300,$A17)+COUNTIF('Igor'!$B$6:$B$300,$A17))=0),"",(COUNTIFS('Clarice'!$B$6:$B$300,$A17,'Clarice'!$F$6:$F$300,"Concluído")+COUNTIFS('Luisa'!$B$6:$B$300,$A17,'Luisa'!$F$6:$F$300,"Concluído")+COUNTIFS('Lui'!$B$6:$B$300,$A17,'Lui'!$F$6:$F$300,"Concluído")+COUNTIFS('Thaís'!$B$6:$B$300,$A17,'Thaís'!$F$6:$F$300,"Concluído")+COUNTIFS('Daniel'!$B$6:$B$300,$A17,'Daniel'!$F$6:$F$300,"Concluído")+COUNTIFS('Fernando'!$B$6:$B$300,$A17,'Fernando'!$F$6:$F$300,"Concluído")+COUNTIFS('Stephanie'!$B$6:$B$300,$A17,'Stephanie'!$F$6:$F$300,"Concluído")+COUNTIFS('Fox'!$B$6:$B$300,$A17,'Fox'!$F$6:$F$300,"Concluído")+COUNTIFS('Bruna'!$B$6:$B$300,$A17,'Bruna'!$F$6:$F$300,"Concluído")+COUNTIFS('Stella'!$B$6:$B$300,$A17,'Stella'!$F$6:$F$300,"Concluído")+COUNTIFS('Igor'!$B$6:$B$300,$A17,'Igor'!$F$6:$F$300,"Concluído"))&" / "&(COUNTIF('Clarice'!$B$6:$B$300,$A17)+COUNTIF('Luisa'!$B$6:$B$300,$A17)+COUNTIF('Lui'!$B$6:$B$300,$A17)+COUNTIF('Thaís'!$B$6:$B$300,$A17)+COUNTIF('Daniel'!$B$6:$B$300,$A17)+COUNTIF('Fernando'!$B$6:$B$300,$A17)+COUNTIF('Stephanie'!$B$6:$B$300,$A17)+COUNTIF('Fox'!$B$6:$B$300,$A17)+COUNTIF('Bruna'!$B$6:$B$300,$A17)+COUNTIF('Stella'!$B$6:$B$300,$A17)+COUNTIF('Igor'!$B$6:$B$300,$A17))) | K17: 46167 | L17: 46171 | M17: 46167 | N17: 46220 | P17: =IF($A17="","",IF(M17<>"",M17,IF(K17<>"",K17,""))) | Q17: =IF($A17="","",IF(N17<>"",N17,IF(L17<>"",L17,""))) | S17: {=IF($A17="","",_xlfn.TEXTJOIN(CHAR(10),TRUE,IF('Clarice'!$B$6:$B$300=$A17,"Clarice"&IF('Clarice'!$E$6:$E$300="",""," : "&'Clarice'!$E$6:$E$300)&" ["&'Clarice'!$F$6:$F$300&"]",""),IF('Luisa'!$B$6:$B$300=$A17,"Luisa"&IF('Luisa'!$E$6:$E$300="",""," : "&'Luisa'!$E$6:$E$300)&" ["&'Luisa'!$F$6:$F$300&"]",""),IF('Lui'!$B$6:$B$300=$A17,"Lui"&IF('Lui'!$E$6:$E$300="",""," : "&'Lui'!$E$6:$E$300)&" ["&'Lui'!$F$6:$F$300&"]",""),IF('Thaís'!$B$6:$B$300=$A17,"Thaís"&IF('Thaís'!$E$6:$E$300="",""," : "&'Thaís'!$E$6:$E$300)&" ["&'Thaís'!$F$6:$F$300&"]",""),IF('Daniel'!$B$6:$B$300=$A17,"Daniel"&IF('Daniel'!$E$6:$E$300="",""," : "&'Daniel'!$E$6:$E$300)&" ["&'Daniel'!$F$6:$F$300&"]",""),IF('Fernando'!$B$6:$B$300=$A17,"Fernando"&IF('Fernando'!$E$6:$E$300="",""," : "&'Fernando'!$E$6:$E$300)&" ["&'Fernando'!$F$6:$F$300&"]",""),IF('Stephanie'!$B$6:$B$300=$A17,"Stephanie"&IF('Stephanie'!$E$6:$E$300="",""," : "&'Stephanie'!$E$6:$E$300)&" ["&'Stephanie'!$F$6:$F$300&"]",""),IF('Fox'!$B$6:$B$300=$A17,"Fox"&IF('Fox'!$E$6:$E$300="",""," : "&'Fox'!$E$6:$E$300)&" ["&'Fox'!$F$6:$F$300&"]",""),IF('Bruna'!$B$6:$B$300=$A17,"Bruna"&IF('Bruna'!$E$6:$E$300="",""," : "&'Bruna'!$E$6:$E$300)&" ["&'Bruna'!$F$6:$F$300&"]",""),IF('Stella'!$B$6:$B$300=$A17,"Stella"&IF('Stella'!$E$6:$E$300="",""," : "&'Stella'!$E$6:$E$300)&" ["&'Stella'!$F$6:$F$300&"]",""),IF('Igor'!$B$6:$B$300=$A17,"Igor"&IF('Igor'!$E$6:$E$300="",""," : "&'Igor'!$E$6:$E$300)&" ["&'Igor'!$F$6:$F$300&"]","")))}
A18: ART-011 | B18: Extra - Artigo | C18: 1. Elaboração do artigo sobre a caixa de ferramentas | E18: Revisão Bruna | F18: Thaís | G18: =IF($A18="","",_xlfn.TEXTJOIN("; ",TRUE,IF(COUNTIF('Clarice'!$B$6:$B$300,$A18)>0,"Clarice",""),IF(COUNTIF('Luisa'!$B$6:$B$300,$A18)>0,"Luisa",""),IF(COUNTIF('Lui'!$B$6:$B$300,$A18)>0,"Lui",""),IF(COUNTIF('Thaís'!$B$6:$B$300,$A18)>0,"Thaís",""),IF(COUNTIF('Daniel'!$B$6:$B$300,$A18)>0,"Daniel",""),IF(COUNTIF('Fernando'!$B$6:$B$300,$A18)>0,"Fernando",""),IF(COUNTIF('Stephanie'!$B$6:$B$300,$A18)>0,"Stephanie",""),IF(COUNTIF('Fox'!$B$6:$B$300,$A18)>0,"Fox",""),IF(COUNTIF('Bruna'!$B$6:$B$300,$A18)>0,"Bruna",""),IF(COUNTIF('Stella'!$B$6:$B$300,$A18)>0,"Stella",""),IF(COUNTIF('Igor'!$B$6:$B$300,$A18)>0,"Igor",""))) | I18: Concluído | J18: =IF(OR($A18="",(COUNTIF('Clarice'!$B$6:$B$300,$A18)+COUNTIF('Luisa'!$B$6:$B$300,$A18)+COUNTIF('Lui'!$B$6:$B$300,$A18)+COUNTIF('Thaís'!$B$6:$B$300,$A18)+COUNTIF('Daniel'!$B$6:$B$300,$A18)+COUNTIF('Fernando'!$B$6:$B$300,$A18)+COUNTIF('Stephanie'!$B$6:$B$300,$A18)+COUNTIF('Fox'!$B$6:$B$300,$A18)+COUNTIF('Bruna'!$B$6:$B$300,$A18)+COUNTIF('Stella'!$B$6:$B$300,$A18)+COUNTIF('Igor'!$B$6:$B$300,$A18))=0),"",(COUNTIFS('Clarice'!$B$6:$B$300,$A18,'Clarice'!$F$6:$F$300,"Concluído")+COUNTIFS('Luisa'!$B$6:$B$300,$A18,'Luisa'!$F$6:$F$300,"Concluído")+COUNTIFS('Lui'!$B$6:$B$300,$A18,'Lui'!$F$6:$F$300,"Concluído")+COUNTIFS('Thaís'!$B$6:$B$300,$A18,'Thaís'!$F$6:$F$300,"Concluído")+COUNTIFS('Daniel'!$B$6:$B$300,$A18,'Daniel'!$F$6:$F$300,"Concluído")+COUNTIFS('Fernando'!$B$6:$B$300,$A18,'Fernando'!$F$6:$F$300,"Concluído")+COUNTIFS('Stephanie'!$B$6:$B$300,$A18,'Stephanie'!$F$6:$F$300,"Concluído")+COUNTIFS('Fox'!$B$6:$B$300,$A18,'Fox'!$F$6:$F$300,"Concluído")+COUNTIFS('Bruna'!$B$6:$B$300,$A18,'Bruna'!$F$6:$F$300,"Concluído")+COUNTIFS('Stella'!$B$6:$B$300,$A18,'Stella'!$F$6:$F$300,"Concluído")+COUNTIFS('Igor'!$B$6:$B$300,$A18,'Igor'!$F$6:$F$300,"Concluído"))&" / "&(COUNTIF('Clarice'!$B$6:$B$300,$A18)+COUNTIF('Luisa'!$B$6:$B$300,$A18)+COUNTIF('Lui'!$B$6:$B$300,$A18)+COUNTIF('Thaís'!$B$6:$B$300,$A18)+COUNTIF('Daniel'!$B$6:$B$300,$A18)+COUNTIF('Fernando'!$B$6:$B$300,$A18)+COUNTIF('Stephanie'!$B$6:$B$300,$A18)+COUNTIF('Fox'!$B$6:$B$300,$A18)+COUNTIF('Bruna'!$B$6:$B$300,$A18)+COUNTIF('Stella'!$B$6:$B$300,$A18)+COUNTIF('Igor'!$B$6:$B$300,$A18))) | K18: 46132 | L18: 46142 | M18: 46132 | N18: 46199 | P18: =IF($A18="","",IF(M18<>"",M18,IF(K18<>"",K18,""))) | Q18: =IF($A18="","",IF(N18<>"",N18,IF(L18<>"",L18,""))) | S18: {=IF($A18="","",_xlfn.TEXTJOIN(CHAR(10),TRUE,IF('Clarice'!$B$6:$B$300=$A18,"Clarice"&IF('Clarice'!$E$6:$E$300="",""," : "&'Clarice'!$E$6:$E$300)&" ["&'Clarice'!$F$6:$F$300&"]",""),IF('Luisa'!$B$6:$B$300=$A18,"Luisa"&IF('Luisa'!$E$6:$E$300="",""," : "&'Luisa'!$E$6:$E$300)&" ["&'Luisa'!$F$6:$F$300&"]",""),IF('Lui'!$B$6:$B$300=$A18,"Lui"&IF('Lui'!$E$6:$E$300="",""," : "&'Lui'!$E$6:$E$300)&" ["&'Lui'!$F$6:$F$300&"]",""),IF('Thaís'!$B$6:$B$300=$A18,"Thaís"&IF('Thaís'!$E$6:$E$300="",""," : "&'Thaís'!$E$6:$E$300)&" ["&'Thaís'!$F$6:$F$300&"]",""),IF('Daniel'!$B$6:$B$300=$A18,"Daniel"&IF('Daniel'!$E$6:$E$300="",""," : "&'Daniel'!$E$6:$E$300)&" ["&'Daniel'!$F$6:$F$300&"]",""),IF('Fernando'!$B$6:$B$300=$A18,"Fernando"&IF('Fernando'!$E$6:$E$300="",""," : "&'Fernando'!$E$6:$E$300)&" ["&'Fernando'!$F$6:$F$300&"]",""),IF('Stephanie'!$B$6:$B$300=$A18,"Stephanie"&IF('Stephanie'!$E$6:$E$300="",""," : "&'Stephanie'!$E$6:$E$300)&" ["&'Stephanie'!$F$6:$F$300&"]",""),IF('Fox'!$B$6:$B$300=$A18,"Fox"&IF('Fox'!$E$6:$E$300="",""," : "&'Fox'!$E$6:$E$300)&" ["&'Fox'!$F$6:$F$300&"]",""),IF('Bruna'!$B$6:$B$300=$A18,"Bruna"&IF('Bruna'!$E$6:$E$300="",""," : "&'Bruna'!$E$6:$E$300)&" ["&'Bruna'!$F$6:$F$300&"]",""),IF('Stella'!$B$6:$B$300=$A18,"Stella"&IF('Stella'!$E$6:$E$300="",""," : "&'Stella'!$E$6:$E$300)&" ["&'Stella'!$F$6:$F$300&"]",""),IF('Igor'!$B$6:$B$300=$A18,"Igor"&IF('Igor'!$E$6:$E$300="",""," : "&'Igor'!$E$6:$E$300)&" ["&'Igor'!$F$6:$F$300&"]","")))}
A19: ART-012 | B19: Extra - Artigo | C19: 1. Elaboração do artigo sobre a caixa de ferramentas | E19: Incorporar os ajustes da Bruna | F19: Thaís | G19: =IF($A19="","",_xlfn.TEXTJOIN("; ",TRUE,IF(COUNTIF('Clarice'!$B$6:$B$300,$A19)>0,"Clarice",""),IF(COUNTIF('Luisa'!$B$6:$B$300,$A19)>0,"Luisa",""),IF(COUNTIF('Lui'!$B$6:$B$300,$A19)>0,"Lui",""),IF(COUNTIF('Thaís'!$B$6:$B$300,$A19)>0,"Thaís",""),IF(COUNTIF('Daniel'!$B$6:$B$300,$A19)>0,"Daniel",""),IF(COUNTIF('Fernando'!$B$6:$B$300,$A19)>0,"Fernando",""),IF(COUNTIF('Stephanie'!$B$6:$B$300,$A19)>0,"Stephanie",""),IF(COUNTIF('Fox'!$B$6:$B$300,$A19)>0,"Fox",""),IF(COUNTIF('Bruna'!$B$6:$B$300,$A19)>0,"Bruna",""),IF(COUNTIF('Stella'!$B$6:$B$300,$A19)>0,"Stella",""),IF(COUNTIF('Igor'!$B$6:$B$300,$A19)>0,"Igor",""))) | I19: Concluído | J19: =IF(OR($A19="",(COUNTIF('Clarice'!$B$6:$B$300,$A19)+COUNTIF('Luisa'!$B$6:$B$300,$A19)+COUNTIF('Lui'!$B$6:$B$300,$A19)+COUNTIF('Thaís'!$B$6:$B$300,$A19)+COUNTIF('Daniel'!$B$6:$B$300,$A19)+COUNTIF('Fernando'!$B$6:$B$300,$A19)+COUNTIF('Stephanie'!$B$6:$B$300,$A19)+COUNTIF('Fox'!$B$6:$B$300,$A19)+COUNTIF('Bruna'!$B$6:$B$300,$A19)+COUNTIF('Stella'!$B$6:$B$300,$A19)+COUNTIF('Igor'!$B$6:$B$300,$A19))=0),"",(COUNTIFS('Clarice'!$B$6:$B$300,$A19,'Clarice'!$F$6:$F$300,"Concluído")+COUNTIFS('Luisa'!$B$6:$B$300,$A19,'Luisa'!$F$6:$F$300,"Concluído")+COUNTIFS('Lui'!$B$6:$B$300,$A19,'Lui'!$F$6:$F$300,"Concluído")+COUNTIFS('Thaís'!$B$6:$B$300,$A19,'Thaís'!$F$6:$F$300,"Concluído")+COUNTIFS('Daniel'!$B$6:$B$300,$A19,'Daniel'!$F$6:$F$300,"Concluído")+COUNTIFS('Fernando'!$B$6:$B$300,$A19,'Fernando'!$F$6:$F$300,"Concluído")+COUNTIFS('Stephanie'!$B$6:$B$300,$A19,'Stephanie'!$F$6:$F$300,"Concluído")+COUNTIFS('Fox'!$B$6:$B$300,$A19,'Fox'!$F$6:$F$300,"Concluído")+COUNTIFS('Bruna'!$B$6:$B$300,$A19,'Bruna'!$F$6:$F$300,"Concluído")+COUNTIFS('Stella'!$B$6:$B$300,$A19,'Stella'!$F$6:$F$300,"Concluído")+COUNTIFS('Igor'!$B$6:$B$300,$A19,'Igor'!$F$6:$F$300,"Concluído"))&" / "&(COUNTIF('Clarice'!$B$6:$B$300,$A19)+COUNTIF('Luisa'!$B$6:$B$300,$A19)+COUNTIF('Lui'!$B$6:$B$300,$A19)+COUNTIF('Thaís'!$B$6:$B$300,$A19)+COUNTIF('Daniel'!$B$6:$B$300,$A19)+COUNTIF('Fernando'!$B$6:$B$300,$A19)+COUNTIF('Stephanie'!$B$6:$B$300,$A19)+COUNTIF('Fox'!$B$6:$B$300,$A19)+COUNTIF('Bruna'!$B$6:$B$300,$A19)+COUNTIF('Stella'!$B$6:$B$300,$A19)+COUNTIF('Igor'!$B$6:$B$300,$A19))) | M19: 46202 | N19: 46206 | P19: =IF($A19="","",IF(M19<>"",M19,IF(K19<>"",K19,""))) | Q19: =IF($A19="","",IF(N19<>"",N19,IF(L19<>"",L19,""))) | S19: {=IF($A19="","",_xlfn.TEXTJOIN(CHAR(10),TRUE,IF('Clarice'!$B$6:$B$300=$A19,"Clarice"&IF('Clarice'!$E$6:$E$300="",""," : "&'Clarice'!$E$6:$E$300)&" ["&'Clarice'!$F$6:$F$300&"]",""),IF('Luisa'!$B$6:$B$300=$A19,"Luisa"&IF('Luisa'!$E$6:$E$300="",""," : "&'Luisa'!$E$6:$E$300)&" ["&'Luisa'!$F$6:$F$300&"]",""),IF('Lui'!$B$6:$B$300=$A19,"Lui"&IF('Lui'!$E$6:$E$300="",""," : "&'Lui'!$E$6:$E$300)&" ["&'Lui'!$F$6:$F$300&"]",""),IF('Thaís'!$B$6:$B$300=$A19,"Thaís"&IF('Thaís'!$E$6:$E$300="",""," : "&'Thaís'!$E$6:$E$300)&" ["&'Thaís'!$F$6:$F$300&"]",""),IF('Daniel'!$B$6:$B$300=$A19,"Daniel"&IF('Daniel'!$E$6:$E$300="",""," : "&'Daniel'!$E$6:$E$300)&" ["&'Daniel'!$F$6:$F$300&"]",""),IF('Fernando'!$B$6:$B$300=$A19,"Fernando"&IF('Fernando'!$E$6:$E$300="",""," : "&'Fernando'!$E$6:$E$300)&" ["&'Fernando'!$F$6:$F$300&"]",""),IF('Stephanie'!$B$6:$B$300=$A19,"Stephanie"&IF('Stephanie'!$E$6:$E$300="",""," : "&'Stephanie'!$E$6:$E$300)&" ["&'Stephanie'!$F$6:$F$300&"]",""),IF('Fox'!$B$6:$B$300=$A19,"Fox"&IF('Fox'!$E$6:$E$300="",""," : "&'Fox'!$E$6:$E$300)&" ["&'Fox'!$F$6:$F$300&"]",""),IF('Bruna'!$B$6:$B$300=$A19,"Bruna"&IF('Bruna'!$E$6:$E$300="",""," : "&'Bruna'!$E$6:$E$300)&" ["&'Bruna'!$F$6:$F$300&"]",""),IF('Stella'!$B$6:$B$300=$A19,"Stella"&IF('Stella'!$E$6:$E$300="",""," : "&'Stella'!$E$6:$E$300)&" ["&'Stella'!$F$6:$F$300&"]",""),IF('Igor'!$B$6:$B$300=$A19,"Igor"&IF('Igor'!$E$6:$E$300="",""," : "&'Igor'!$E$6:$E$300)&" ["&'Igor'!$F$6:$F$300&"]","")))}
A20: ART-013 | B20: Extra - Artigo | C20: 1. Elaboração do artigo sobre a caixa de ferramentas | E20: Envio do artigo para revisão da Petrobras | F20: Thaís | G20: =IF($A20="","",_xlfn.TEXTJOIN("; ",TRUE,IF(COUNTIF('Clarice'!$B$6:$B$300,$A20)>0,"Clarice",""),IF(COUNTIF('Luisa'!$B$6:$B$300,$A20)>0,"Luisa",""),IF(COUNTIF('Lui'!$B$6:$B$300,$A20)>0,"Lui",""),IF(COUNTIF('Thaís'!$B$6:$B$300,$A20)>0,"Thaís",""),IF(COUNTIF('Daniel'!$B$6:$B$300,$A20)>0,"Daniel",""),IF(COUNTIF('Fernando'!$B$6:$B$300,$A20)>0,"Fernando",""),IF(COUNTIF('Stephanie'!$B$6:$B$300,$A20)>0,"Stephanie",""),IF(COUNTIF('Fox'!$B$6:$B$300,$A20)>0,"Fox",""),IF(COUNTIF('Bruna'!$B$6:$B$300,$A20)>0,"Bruna",""),IF(COUNTIF('Stella'!$B$6:$B$300,$A20)>0,"Stella",""),IF(COUNTIF('Igor'!$B$6:$B$300,$A20)>0,"Igor",""))) | I20: Concluído | J20: =IF(OR($A20="",(COUNTIF('Clarice'!$B$6:$B$300,$A20)+COUNTIF('Luisa'!$B$6:$B$300,$A20)+COUNTIF('Lui'!$B$6:$B$300,$A20)+COUNTIF('Thaís'!$B$6:$B$300,$A20)+COUNTIF('Daniel'!$B$6:$B$300,$A20)+COUNTIF('Fernando'!$B$6:$B$300,$A20)+COUNTIF('Stephanie'!$B$6:$B$300,$A20)+COUNTIF('Fox'!$B$6:$B$300,$A20)+COUNTIF('Bruna'!$B$6:$B$300,$A20)+COUNTIF('Stella'!$B$6:$B$300,$A20)+COUNTIF('Igor'!$B$6:$B$300,$A20))=0),"",(COUNTIFS('Clarice'!$B$6:$B$300,$A20,'Clarice'!$F$6:$F$300,"Concluído")+COUNTIFS('Luisa'!$B$6:$B$300,$A20,'Luisa'!$F$6:$F$300,"Concluído")+COUNTIFS('Lui'!$B$6:$B$300,$A20,'Lui'!$F$6:$F$300,"Concluído")+COUNTIFS('Thaís'!$B$6:$B$300,$A20,'Thaís'!$F$6:$F$300,"Concluído")+COUNTIFS('Daniel'!$B$6:$B$300,$A20,'Daniel'!$F$6:$F$300,"Concluído")+COUNTIFS('Fernando'!$B$6:$B$300,$A20,'Fernando'!$F$6:$F$300,"Concluído")+COUNTIFS('Stephanie'!$B$6:$B$300,$A20,'Stephanie'!$F$6:$F$300,"Concluído")+COUNTIFS('Fox'!$B$6:$B$300,$A20,'Fox'!$F$6:$F$300,"Concluído")+COUNTIFS('Bruna'!$B$6:$B$300,$A20,'Bruna'!$F$6:$F$300,"Concluído")+COUNTIFS('Stella'!$B$6:$B$300,$A20,'Stella'!$F$6:$F$300,"Concluído")+COUNTIFS('Igor'!$B$6:$B$300,$A20,'Igor'!$F$6:$F$300,"Concluído"))&" / "&(COUNTIF('Clarice'!$B$6:$B$300,$A20)+COUNTIF('Luisa'!$B$6:$B$300,$A20)+COUNTIF('Lui'!$B$6:$B$300,$A20)+COUNTIF('Thaís'!$B$6:$B$300,$A20)+COUNTIF('Daniel'!$B$6:$B$300,$A20)+COUNTIF('Fernando'!$B$6:$B$300,$A20)+COUNTIF('Stephanie'!$B$6:$B$300,$A20)+COUNTIF('Fox'!$B$6:$B$300,$A20)+COUNTIF('Bruna'!$B$6:$B$300,$A20)+COUNTIF('Stella'!$B$6:$B$300,$A20)+COUNTIF('Igor'!$B$6:$B$300,$A20))) | K20: 46181 | L20: 46185 | M20: 46181 | N20: 46213 | P20: =IF($A20="","",IF(M20<>"",M20,IF(K20<>"",K20,""))) | Q20: =IF($A20="","",IF(N20<>"",N20,IF(L20<>"",L20,""))) | S20: {=IF($A20="","",_xlfn.TEXTJOIN(CHAR(10),TRUE,IF('Clarice'!$B$6:$B$300=$A20,"Clarice"&IF('Clarice'!$E$6:$E$300="",""," : "&'Clarice'!$E$6:$E$300)&" ["&'Clarice'!$F$6:$F$300&"]",""),IF('Luisa'!$B$6:$B$300=$A20,"Luisa"&IF('Luisa'!$E$6:$E$300="",""," : "&'Luisa'!$E$6:$E$300)&" ["&'Luisa'!$F$6:$F$300&"]",""),IF('Lui'!$B$6:$B$300=$A20,"Lui"&IF('Lui'!$E$6:$E$300="",""," : "&'Lui'!$E$6:$E$300)&" ["&'Lui'!$F$6:$F$300&"]",""),IF('Thaís'!$B$6:$B$300=$A20,"Thaís"&IF('Thaís'!$E$6:$E$300="",""," : "&'Thaís'!$E$6:$E$300)&" ["&'Thaís'!$F$6:$F$300&"]",""),IF('Daniel'!$B$6:$B$300=$A20,"Daniel"&IF('Daniel'!$E$6:$E$300="",""," : "&'Daniel'!$E$6:$E$300)&" ["&'Daniel'!$F$6:$F$300&"]",""),IF('Fernando'!$B$6:$B$300=$A20,"Fernando"&IF('Fernando'!$E$6:$E$300="",""," : "&'Fernando'!$E$6:$E$300)&" ["&'Fernando'!$F$6:$F$300&"]",""),IF('Stephanie'!$B$6:$B$300=$A20,"Stephanie"&IF('Stephanie'!$E$6:$E$300="",""," : "&'Stephanie'!$E$6:$E$300)&" ["&'Stephanie'!$F$6:$F$300&"]",""),IF('Fox'!$B$6:$B$300=$A20,"Fox"&IF('Fox'!$E$6:$E$300="",""," : "&'Fox'!$E$6:$E$300)&" ["&'Fox'!$F$6:$F$300&"]",""),IF('Bruna'!$B$6:$B$300=$A20,"Bruna"&IF('Bruna'!$E$6:$E$300="",""," : "&'Bruna'!$E$6:$E$300)&" ["&'Bruna'!$F$6:$F$300&"]",""),IF('Stella'!$B$6:$B$300=$A20,"Stella"&IF('Stella'!$E$6:$E$300="",""," : "&'Stella'!$E$6:$E$300)&" ["&'Stella'!$F$6:$F$300&"]",""),IF('Igor'!$B$6:$B$300=$A20,"Igor"&IF('Igor'!$E$6:$E$300="",""," : "&'Igor'!$E$6:$E$300)&" ["&'Igor'!$F$6:$F$300&"]","")))}
A21: ART-014 | B21: Extra - Artigo | C21: 1. Elaboração do artigo sobre a caixa de ferramentas | E21: Revisão pela Petrobras | F21: Thaís | G21: =IF($A21="","",_xlfn.TEXTJOIN("; ",TRUE,IF(COUNTIF('Clarice'!$B$6:$B$300,$A21)>0,"Clarice",""),IF(COUNTIF('Luisa'!$B$6:$B$300,$A21)>0,"Luisa",""),IF(COUNTIF('Lui'!$B$6:$B$300,$A21)>0,"Lui",""),IF(COUNTIF('Thaís'!$B$6:$B$300,$A21)>0,"Thaís",""),IF(COUNTIF('Daniel'!$B$6:$B$300,$A21)>0,"Daniel",""),IF(COUNTIF('Fernando'!$B$6:$B$300,$A21)>0,"Fernando",""),IF(COUNTIF('Stephanie'!$B$6:$B$300,$A21)>0,"Stephanie",""),IF(COUNTIF('Fox'!$B$6:$B$300,$A21)>0,"Fox",""),IF(COUNTIF('Bruna'!$B$6:$B$300,$A21)>0,"Bruna",""),IF(COUNTIF('Stella'!$B$6:$B$300,$A21)>0,"Stella",""),IF(COUNTIF('Igor'!$B$6:$B$300,$A21)>0,"Igor",""))) | I21: Concluído | J21: =IF(OR($A21="",(COUNTIF('Clarice'!$B$6:$B$300,$A21)+COUNTIF('Luisa'!$B$6:$B$300,$A21)+COUNTIF('Lui'!$B$6:$B$300,$A21)+COUNTIF('Thaís'!$B$6:$B$300,$A21)+COUNTIF('Daniel'!$B$6:$B$300,$A21)+COUNTIF('Fernando'!$B$6:$B$300,$A21)+COUNTIF('Stephanie'!$B$6:$B$300,$A21)+COUNTIF('Fox'!$B$6:$B$300,$A21)+COUNTIF('Bruna'!$B$6:$B$300,$A21)+COUNTIF('Stella'!$B$6:$B$300,$A21)+COUNTIF('Igor'!$B$6:$B$300,$A21))=0),"",(COUNTIFS('Clarice'!$B$6:$B$300,$A21,'Clarice'!$F$6:$F$300,"Concluído")+COUNTIFS('Luisa'!$B$6:$B$300,$A21,'Luisa'!$F$6:$F$300,"Concluído")+COUNTIFS('Lui'!$B$6:$B$300,$A21,'Lui'!$F$6:$F$300,"Concluído")+COUNTIFS('Thaís'!$B$6:$B$300,$A21,'Thaís'!$F$6:$F$300,"Concluído")+COUNTIFS('Daniel'!$B$6:$B$300,$A21,'Daniel'!$F$6:$F$300,"Concluído")+COUNTIFS('Fernando'!$B$6:$B$300,$A21,'Fernando'!$F$6:$F$300,"Concluído")+COUNTIFS('Stephanie'!$B$6:$B$300,$A21,'Stephanie'!$F$6:$F$300,"Concluído")+COUNTIFS('Fox'!$B$6:$B$300,$A21,'Fox'!$F$6:$F$300,"Concluído")+COUNTIFS('Bruna'!$B$6:$B$300,$A21,'Bruna'!$F$6:$F$300,"Concluído")+COUNTIFS('Stella'!$B$6:$B$300,$A21,'Stella'!$F$6:$F$300,"Concluído")+COUNTIFS('Igor'!$B$6:$B$300,$A21,'Igor'!$F$6:$F$300,"Concluído"))&" / "&(COUNTIF('Clarice'!$B$6:$B$300,$A21)+COUNTIF('Luisa'!$B$6:$B$300,$A21)+COUNTIF('Lui'!$B$6:$B$300,$A21)+COUNTIF('Thaís'!$B$6:$B$300,$A21)+COUNTIF('Daniel'!$B$6:$B$300,$A21)+COUNTIF('Fernando'!$B$6:$B$300,$A21)+COUNTIF('Stephanie'!$B$6:$B$300,$A21)+COUNTIF('Fox'!$B$6:$B$300,$A21)+COUNTIF('Bruna'!$B$6:$B$300,$A21)+COUNTIF('Stella'!$B$6:$B$300,$A21)+COUNTIF('Igor'!$B$6:$B$300,$A21))) | K21: 46146 | L21: 46157 | M21: 46146 | N21: 46220 | P21: =IF($A21="","",IF(M21<>"",M21,IF(K21<>"",K21,""))) | Q21: =IF($A21="","",IF(N21<>"",N21,IF(L21<>"",L21,""))) | S21: {=IF($A21="","",_xlfn.TEXTJOIN(CHAR(10),TRUE,IF('Clarice'!$B$6:$B$300=$A21,"Clarice"&IF('Clarice'!$E$6:$E$300="",""," : "&'Clarice'!$E$6:$E$300)&" ["&'Clarice'!$F$6:$F$300&"]",""),IF('Luisa'!$B$6:$B$300=$A21,"Luisa"&IF('Luisa'!$E$6:$E$300="",""," : "&'Luisa'!$E$6:$E$300)&" ["&'Luisa'!$F$6:$F$300&"]",""),IF('Lui'!$B$6:$B$300=$A21,"Lui"&IF('Lui'!$E$6:$E$300="",""," : "&'Lui'!$E$6:$E$300)&" ["&'Lui'!$F$6:$F$300&"]",""),IF('Thaís'!$B$6:$B$300=$A21,"Thaís"&IF('Thaís'!$E$6:$E$300="",""," : "&'Thaís'!$E$6:$E$300)&" ["&'Thaís'!$F$6:$F$300&"]",""),IF('Daniel'!$B$6:$B$300=$A21,"Daniel"&IF('Daniel'!$E$6:$E$300="",""," : "&'Daniel'!$E$6:$E$300)&" ["&'Daniel'!$F$6:$F$300&"]",""),IF('Fernando'!$B$6:$B$300=$A21,"Fernando"&IF('Fernando'!$E$6:$E$300="",""," : "&'Fernando'!$E$6:$E$300)&" ["&'Fernando'!$F$6:$F$300&"]",""),IF('Stephanie'!$B$6:$B$300=$A21,"Stephanie"&IF('Stephanie'!$E$6:$E$300="",""," : "&'Stephanie'!$E$6:$E$300)&" ["&'Stephanie'!$F$6:$F$300&"]",""),IF('Fox'!$B$6:$B$300=$A21,"Fox"&IF('Fox'!$E$6:$E$300="",""," : "&'Fox'!$E$6:$E$300)&" ["&'Fox'!$F$6:$F$300&"]",""),IF('Bruna'!$B$6:$B$300=$A21,"Bruna"&IF('Bruna'!$E$6:$E$300="",""," : "&'Bruna'!$E$6:$E$300)&" ["&'Bruna'!$F$6:$F$300&"]",""),IF('Stella'!$B$6:$B$300=$A21,"Stella"&IF('Stella'!$E$6:$E$300="",""," : "&'Stella'!$E$6:$E$300)&" ["&'Stella'!$F$6:$F$300&"]",""),IF('Igor'!$B$6:$B$300=$A21,"Igor"&IF('Igor'!$E$6:$E$300="",""," : "&'Igor'!$E$6:$E$300)&" ["&'Igor'!$F$6:$F$300&"]","")))}
A22: ART-015 | B22: Extra - Artigo | C22: 1. Elaboração do artigo sobre a caixa de ferramentas | E22: Artigo recebido pela Petrobras | F22: Thaís | G22: =IF($A22="","",_xlfn.TEXTJOIN("; ",TRUE,IF(COUNTIF('Clarice'!$B$6:$B$300,$A22)>0,"Clarice",""),IF(COUNTIF('Luisa'!$B$6:$B$300,$A22)>0,"Luisa",""),IF(COUNTIF('Lui'!$B$6:$B$300,$A22)>0,"Lui",""),IF(COUNTIF('Thaís'!$B$6:$B$300,$A22)>0,"Thaís",""),IF(COUNTIF('Daniel'!$B$6:$B$300,$A22)>0,"Daniel",""),IF(COUNTIF('Fernando'!$B$6:$B$300,$A22)>0,"Fernando",""),IF(COUNTIF('Stephanie'!$B$6:$B$300,$A22)>0,"Stephanie",""),IF(COUNTIF('Fox'!$B$6:$B$300,$A22)>0,"Fox",""),IF(COUNTIF('Bruna'!$B$6:$B$300,$A22)>0,"Bruna",""),IF(COUNTIF('Stella'!$B$6:$B$300,$A22)>0,"Stella",""),IF(COUNTIF('Igor'!$B$6:$B$300,$A22)>0,"Igor",""))) | I22: Concluído | J22: =IF(OR($A22="",(COUNTIF('Clarice'!$B$6:$B$300,$A22)+COUNTIF('Luisa'!$B$6:$B$300,$A22)+COUNTIF('Lui'!$B$6:$B$300,$A22)+COUNTIF('Thaís'!$B$6:$B$300,$A22)+COUNTIF('Daniel'!$B$6:$B$300,$A22)+COUNTIF('Fernando'!$B$6:$B$300,$A22)+COUNTIF('Stephanie'!$B$6:$B$300,$A22)+COUNTIF('Fox'!$B$6:$B$300,$A22)+COUNTIF('Bruna'!$B$6:$B$300,$A22)+COUNTIF('Stella'!$B$6:$B$300,$A22)+COUNTIF('Igor'!$B$6:$B$300,$A22))=0),"",(COUNTIFS('Clarice'!$B$6:$B$300,$A22,'Clarice'!$F$6:$F$300,"Concluído")+COUNTIFS('Luisa'!$B$6:$B$300,$A22,'Luisa'!$F$6:$F$300,"Concluído")+COUNTIFS('Lui'!$B$6:$B$300,$A22,'Lui'!$F$6:$F$300,"Concluído")+COUNTIFS('Thaís'!$B$6:$B$300,$A22,'Thaís'!$F$6:$F$300,"Concluído")+COUNTIFS('Daniel'!$B$6:$B$300,$A22,'Daniel'!$F$6:$F$300,"Concluído")+COUNTIFS('Fernando'!$B$6:$B$300,$A22,'Fernando'!$F$6:$F$300,"Concluído")+COUNTIFS('Stephanie'!$B$6:$B$300,$A22,'Stephanie'!$F$6:$F$300,"Concluído")+COUNTIFS('Fox'!$B$6:$B$300,$A22,'Fox'!$F$6:$F$300,"Concluído")+COUNTIFS('Bruna'!$B$6:$B$300,$A22,'Bruna'!$F$6:$F$300,"Concluído")+COUNTIFS('Stella'!$B$6:$B$300,$A22,'Stella'!$F$6:$F$300,"Concluído")+COUNTIFS('Igor'!$B$6:$B$300,$A22,'Igor'!$F$6:$F$300,"Concluído"))&" / "&(COUNTIF('Clarice'!$B$6:$B$300,$A22)+COUNTIF('Luisa'!$B$6:$B$300,$A22)+COUNTIF('Lui'!$B$6:$B$300,$A22)+COUNTIF('Thaís'!$B$6:$B$300,$A22)+COUNTIF('Daniel'!$B$6:$B$300,$A22)+COUNTIF('Fernando'!$B$6:$B$300,$A22)+COUNTIF('Stephanie'!$B$6:$B$300,$A22)+COUNTIF('Fox'!$B$6:$B$300,$A22)+COUNTIF('Bruna'!$B$6:$B$300,$A22)+COUNTIF('Stella'!$B$6:$B$300,$A22)+COUNTIF('Igor'!$B$6:$B$300,$A22))) | M22: 46204 | N22: 46220 | P22: =IF($A22="","",IF(M22<>"",M22,IF(K22<>"",K22,""))) | Q22: =IF($A22="","",IF(N22<>"",N22,IF(L22<>"",L22,""))) | S22: {=IF($A22="","",_xlfn.TEXTJOIN(CHAR(10),TRUE,IF('Clarice'!$B$6:$B$300=$A22,"Clarice"&IF('Clarice'!$E$6:$E$300="",""," : "&'Clarice'!$E$6:$E$300)&" ["&'Clarice'!$F$6:$F$300&"]",""),IF('Luisa'!$B$6:$B$300=$A22,"Luisa"&IF('Luisa'!$E$6:$E$300="",""," : "&'Luisa'!$E$6:$E$300)&" ["&'Luisa'!$F$6:$F$300&"]",""),IF('Lui'!$B$6:$B$300=$A22,"Lui"&IF('Lui'!$E$6:$E$300="",""," : "&'Lui'!$E$6:$E$300)&" ["&'Lui'!$F$6:$F$300&"]",""),IF('Thaís'!$B$6:$B$300=$A22,"Thaís"&IF('Thaís'!$E$6:$E$300="",""," : "&'Thaís'!$E$6:$E$300)&" ["&'Thaís'!$F$6:$F$300&"]",""),IF('Daniel'!$B$6:$B$300=$A22,"Daniel"&IF('Daniel'!$E$6:$E$300="",""," : "&'Daniel'!$E$6:$E$300)&" ["&'Daniel'!$F$6:$F$300&"]",""),IF('Fernando'!$B$6:$B$300=$A22,"Fernando"&IF('Fernando'!$E$6:$E$300="",""," : "&'Fernando'!$E$6:$E$300)&" ["&'Fernando'!$F$6:$F$300&"]",""),IF('Stephanie'!$B$6:$B$300=$A22,"Stephanie"&IF('Stephanie'!$E$6:$E$300="",""," : "&'Stephanie'!$E$6:$E$300)&" ["&'Stephanie'!$F$6:$F$300&"]",""),IF('Fox'!$B$6:$B$300=$A22,"Fox"&IF('Fox'!$E$6:$E$300="",""," : "&'Fox'!$E$6:$E$300)&" ["&'Fox'!$F$6:$F$300&"]",""),IF('Bruna'!$B$6:$B$300=$A22,"Bruna"&IF('Bruna'!$E$6:$E$300="",""," : "&'Bruna'!$E$6:$E$300)&" ["&'Bruna'!$F$6:$F$300&"]",""),IF('Stella'!$B$6:$B$300=$A22,"Stella"&IF('Stella'!$E$6:$E$300="",""," : "&'Stella'!$E$6:$E$300)&" ["&'Stella'!$F$6:$F$300&"]",""),IF('Igor'!$B$6:$B$300=$A22,"Igor"&IF('Igor'!$E$6:$E$300="",""," : "&'Igor'!$E$6:$E$300)&" ["&'Igor'!$F$6:$F$300&"]","")))}
A23: ART-016 | B23: Extra - Artigo | C23: 1. Elaboração do artigo sobre a caixa de ferramentas | E23: Incorporar os ajustes da Petrobras | F23: Thaís | G23: =IF($A23="","",_xlfn.TEXTJOIN("; ",TRUE,IF(COUNTIF('Clarice'!$B$6:$B$300,$A23)>0,"Clarice",""),IF(COUNTIF('Luisa'!$B$6:$B$300,$A23)>0,"Luisa",""),IF(COUNTIF('Lui'!$B$6:$B$300,$A23)>0,"Lui",""),IF(COUNTIF('Thaís'!$B$6:$B$300,$A23)>0,"Thaís",""),IF(COUNTIF('Daniel'!$B$6:$B$300,$A23)>0,"Daniel",""),IF(COUNTIF('Fernando'!$B$6:$B$300,$A23)>0,"Fernando",""),IF(COUNTIF('Stephanie'!$B$6:$B$300,$A23)>0,"Stephanie",""),IF(COUNTIF('Fox'!$B$6:$B$300,$A23)>0,"Fox",""),IF(COUNTIF('Bruna'!$B$6:$B$300,$A23)>0,"Bruna",""),IF(COUNTIF('Stella'!$B$6:$B$300,$A23)>0,"Stella",""),IF(COUNTIF('Igor'!$B$6:$B$300,$A23)>0,"Igor",""))) | I23: Em andamento | J23: =IF(OR($A23="",(COUNTIF('Clarice'!$B$6:$B$300,$A23)+COUNTIF('Luisa'!$B$6:$B$300,$A23)+COUNTIF('Lui'!$B$6:$B$300,$A23)+COUNTIF('Thaís'!$B$6:$B$300,$A23)+COUNTIF('Daniel'!$B$6:$B$300,$A23)+COUNTIF('Fernando'!$B$6:$B$300,$A23)+COUNTIF('Stephanie'!$B$6:$B$300,$A23)+COUNTIF('Fox'!$B$6:$B$300,$A23)+COUNTIF('Bruna'!$B$6:$B$300,$A23)+COUNTIF('Stella'!$B$6:$B$300,$A23)+COUNTIF('Igor'!$B$6:$B$300,$A23))=0),"",(COUNTIFS('Clarice'!$B$6:$B$300,$A23,'Clarice'!$F$6:$F$300,"Concluído")+COUNTIFS('Luisa'!$B$6:$B$300,$A23,'Luisa'!$F$6:$F$300,"Concluído")+COUNTIFS('Lui'!$B$6:$B$300,$A23,'Lui'!$F$6:$F$300,"Concluído")+COUNTIFS('Thaís'!$B$6:$B$300,$A23,'Thaís'!$F$6:$F$300,"Concluído")+COUNTIFS('Daniel'!$B$6:$B$300,$A23,'Daniel'!$F$6:$F$300,"Concluído")+COUNTIFS('Fernando'!$B$6:$B$300,$A23,'Fernando'!$F$6:$F$300,"Concluído")+COUNTIFS('Stephanie'!$B$6:$B$300,$A23,'Stephanie'!$F$6:$F$300,"Concluído")+COUNTIFS('Fox'!$B$6:$B$300,$A23,'Fox'!$F$6:$F$300,"Concluído")+COUNTIFS('Bruna'!$B$6:$B$300,$A23,'Bruna'!$F$6:$F$300,"Concluído")+COUNTIFS('Stella'!$B$6:$B$300,$A23,'Stella'!$F$6:$F$300,"Concluído")+COUNTIFS('Igor'!$B$6:$B$300,$A23,'Igor'!$F$6:$F$300,"Concluído"))&" / "&(COUNTIF('Clarice'!$B$6:$B$300,$A23)+COUNTIF('Luisa'!$B$6:$B$300,$A23)+COUNTIF('Lui'!$B$6:$B$300,$A23)+COUNTIF('Thaís'!$B$6:$B$300,$A23)+COUNTIF('Daniel'!$B$6:$B$300,$A23)+COUNTIF('Fernando'!$B$6:$B$300,$A23)+COUNTIF('Stephanie'!$B$6:$B$300,$A23)+COUNTIF('Fox'!$B$6:$B$300,$A23)+COUNTIF('Bruna'!$B$6:$B$300,$A23)+COUNTIF('Stella'!$B$6:$B$300,$A23)+COUNTIF('Igor'!$B$6:$B$300,$A23))) | K23: 46160 | L23: 46171 | M23: 46160 | N23: 46241 | P23: =IF($A23="","",IF(M23<>"",M23,IF(K23<>"",K23,""))) | Q23: =IF($A23="","",IF(N23<>"",N23,IF(L23<>"",L23,""))) | S23: {=IF($A23="","",_xlfn.TEXTJOIN(CHAR(10),TRUE,IF('Clarice'!$B$6:$B$300=$A23,"Clarice"&IF('Clarice'!$E$6:$E$300="",""," : "&'Clarice'!$E$6:$E$300)&" ["&'Clarice'!$F$6:$F$300&"]",""),IF('Luisa'!$B$6:$B$300=$A23,"Luisa"&IF('Luisa'!$E$6:$E$300="",""," : "&'Luisa'!$E$6:$E$300)&" ["&'Luisa'!$F$6:$F$300&"]",""),IF('Lui'!$B$6:$B$300=$A23,"Lui"&IF('Lui'!$E$6:$E$300="",""," : "&'Lui'!$E$6:$E$300)&" ["&'Lui'!$F$6:$F$300&"]",""),IF('Thaís'!$B$6:$B$300=$A23,"Thaís"&IF('Thaís'!$E$6:$E$300="",""," : "&'Thaís'!$E$6:$E$300)&" ["&'Thaís'!$F$6:$F$300&"]",""),IF('Daniel'!$B$6:$B$300=$A23,"Daniel"&IF('Daniel'!$E$6:$E$300="",""," : "&'Daniel'!$E$6:$E$300)&" ["&'Daniel'!$F$6:$F$300&"]",""),IF('Fernando'!$B$6:$B$300=$A23,"Fernando"&IF('Fernando'!$E$6:$E$300="",""," : "&'Fernando'!$E$6:$E$300)&" ["&'Fernando'!$F$6:$F$300&"]",""),IF('Stephanie'!$B$6:$B$300=$A23,"Stephanie"&IF('Stephanie'!$E$6:$E$300="",""," : "&'Stephanie'!$E$6:$E$300)&" ["&'Stephanie'!$F$6:$F$300&"]",""),IF('Fox'!$B$6:$B$300=$A23,"Fox"&IF('Fox'!$E$6:$E$300="",""," : "&'Fox'!$E$6:$E$300)&" ["&'Fox'!$F$6:$F$300&"]",""),IF('Bruna'!$B$6:$B$300=$A23,"Bruna"&IF('Bruna'!$E$6:$E$300="",""," : "&'Bruna'!$E$6:$E$300)&" ["&'Bruna'!$F$6:$F$300&"]",""),IF('Stella'!$B$6:$B$300=$A23,"Stella"&IF('Stella'!$E$6:$E$300="",""," : "&'Stella'!$E$6:$E$300)&" ["&'Stella'!$F$6:$F$300&"]",""),IF('Igor'!$B$6:$B$300=$A23,"Igor"&IF('Igor'!$E$6:$E$300="",""," : "&'Igor'!$E$6:$E$300)&" ["&'Igor'!$F$6:$F$300&"]","")))}
A24: ART-017 | B24: Extra - Artigo | C24: 1. Elaboração do artigo sobre a caixa de ferramentas | E24: Enviar para revisão da Bruna | F24: Thaís | G24: =IF($A24="","",_xlfn.TEXTJOIN("; ",TRUE,IF(COUNTIF('Clarice'!$B$6:$B$300,$A24)>0,"Clarice",""),IF(COUNTIF('Luisa'!$B$6:$B$300,$A24)>0,"Luisa",""),IF(COUNTIF('Lui'!$B$6:$B$300,$A24)>0,"Lui",""),IF(COUNTIF('Thaís'!$B$6:$B$300,$A24)>0,"Thaís",""),IF(COUNTIF('Daniel'!$B$6:$B$300,$A24)>0,"Daniel",""),IF(COUNTIF('Fernando'!$B$6:$B$300,$A24)>0,"Fernando",""),IF(COUNTIF('Stephanie'!$B$6:$B$300,$A24)>0,"Stephanie",""),IF(COUNTIF('Fox'!$B$6:$B$300,$A24)>0,"Fox",""),IF(COUNTIF('Bruna'!$B$6:$B$300,$A24)>0,"Bruna",""),IF(COUNTIF('Stella'!$B$6:$B$300,$A24)>0,"Stella",""),IF(COUNTIF('Igor'!$B$6:$B$300,$A24)>0,"Igor",""))) | I24: Não iniciado | J24: =IF(OR($A24="",(COUNTIF('Clarice'!$B$6:$B$300,$A24)+COUNTIF('Luisa'!$B$6:$B$300,$A24)+COUNTIF('Lui'!$B$6:$B$300,$A24)+COUNTIF('Thaís'!$B$6:$B$300,$A24)+COUNTIF('Daniel'!$B$6:$B$300,$A24)+COUNTIF('Fernando'!$B$6:$B$300,$A24)+COUNTIF('Stephanie'!$B$6:$B$300,$A24)+COUNTIF('Fox'!$B$6:$B$300,$A24)+COUNTIF('Bruna'!$B$6:$B$300,$A24)+COUNTIF('Stella'!$B$6:$B$300,$A24)+COUNTIF('Igor'!$B$6:$B$300,$A24))=0),"",(COUNTIFS('Clarice'!$B$6:$B$300,$A24,'Clarice'!$F$6:$F$300,"Concluído")+COUNTIFS('Luisa'!$B$6:$B$300,$A24,'Luisa'!$F$6:$F$300,"Concluído")+COUNTIFS('Lui'!$B$6:$B$300,$A24,'Lui'!$F$6:$F$300,"Concluído")+COUNTIFS('Thaís'!$B$6:$B$300,$A24,'Thaís'!$F$6:$F$300,"Concluído")+COUNTIFS('Daniel'!$B$6:$B$300,$A24,'Daniel'!$F$6:$F$300,"Concluído")+COUNTIFS('Fernando'!$B$6:$B$300,$A24,'Fernando'!$F$6:$F$300,"Concluído")+COUNTIFS('Stephanie'!$B$6:$B$300,$A24,'Stephanie'!$F$6:$F$300,"Concluído")+COUNTIFS('Fox'!$B$6:$B$300,$A24,'Fox'!$F$6:$F$300,"Concluído")+COUNTIFS('Bruna'!$B$6:$B$300,$A24,'Bruna'!$F$6:$F$300,"Concluído")+COUNTIFS('Stella'!$B$6:$B$300,$A24,'Stella'!$F$6:$F$300,"Concluído")+COUNTIFS('Igor'!$B$6:$B$300,$A24,'Igor'!$F$6:$F$300,"Concluído"))&" / "&(COUNTIF('Clarice'!$B$6:$B$300,$A24)+COUNTIF('Luisa'!$B$6:$B$300,$A24)+COUNTIF('Lui'!$B$6:$B$300,$A24)+COUNTIF('Thaís'!$B$6:$B$300,$A24)+COUNTIF('Daniel'!$B$6:$B$300,$A24)+COUNTIF('Fernando'!$B$6:$B$300,$A24)+COUNTIF('Stephanie'!$B$6:$B$300,$A24)+COUNTIF('Fox'!$B$6:$B$300,$A24)+COUNTIF('Bruna'!$B$6:$B$300,$A24)+COUNTIF('Stella'!$B$6:$B$300,$A24)+COUNTIF('Igor'!$B$6:$B$300,$A24))) | M24: 46244 | N24: 46262 | P24: =IF($A24="","",IF(M24<>"",M24,IF(K24<>"",K24,""))) | Q24: =IF($A24="","",IF(N24<>"",N24,IF(L24<>"",L24,""))) | S24: {=IF($A24="","",_xlfn.TEXTJOIN(CHAR(10),TRUE,IF('Clarice'!$B$6:$B$300=$A24,"Clarice"&IF('Clarice'!$E$6:$E$300="",""," : "&'Clarice'!$E$6:$E$300)&" ["&'Clarice'!$F$6:$F$300&"]",""),IF('Luisa'!$B$6:$B$300=$A24,"Luisa"&IF('Luisa'!$E$6:$E$300="",""," : "&'Luisa'!$E$6:$E$300)&" ["&'Luisa'!$F$6:$F$300&"]",""),IF('Lui'!$B$6:$B$300=$A24,"Lui"&IF('Lui'!$E$6:$E$300="",""," : "&'Lui'!$E$6:$E$300)&" ["&'Lui'!$F$6:$F$300&"]",""),IF('Thaís'!$B$6:$B$300=$A24,"Thaís"&IF('Thaís'!$E$6:$E$300="",""," : "&'Thaís'!$E$6:$E$300)&" ["&'Thaís'!$F$6:$F$300&"]",""),IF('Daniel'!$B$6:$B$300=$A24,"Daniel"&IF('Daniel'!$E$6:$E$300="",""," : "&'Daniel'!$E$6:$E$300)&" ["&'Daniel'!$F$6:$F$300&"]",""),IF('Fernando'!$B$6:$B$300=$A24,"Fernando"&IF('Fernando'!$E$6:$E$300="",""," : "&'Fernando'!$E$6:$E$300)&" ["&'Fernando'!$F$6:$F$300&"]",""),IF('Stephanie'!$B$6:$B$300=$A24,"Stephanie"&IF('Stephanie'!$E$6:$E$300="",""," : "&'Stephanie'!$E$6:$E$300)&" ["&'Stephanie'!$F$6:$F$300&"]",""),IF('Fox'!$B$6:$B$300=$A24,"Fox"&IF('Fox'!$E$6:$E$300="",""," : "&'Fox'!$E$6:$E$300)&" ["&'Fox'!$F$6:$F$300&"]",""),IF('Bruna'!$B$6:$B$300=$A24,"Bruna"&IF('Bruna'!$E$6:$E$300="",""," : "&'Bruna'!$E$6:$E$300)&" ["&'Bruna'!$F$6:$F$300&"]",""),IF('Stella'!$B$6:$B$300=$A24,"Stella"&IF('Stella'!$E$6:$E$300="",""," : "&'Stella'!$E$6:$E$300)&" ["&'Stella'!$F$6:$F$300&"]",""),IF('Igor'!$B$6:$B$300=$A24,"Igor"&IF('Igor'!$E$6:$E$300="",""," : "&'Igor'!$E$6:$E$300)&" ["&'Igor'!$F$6:$F$300&"]","")))}
A25: ART-018 | B25: Extra - Artigo | C25: 1. Elaboração do artigo sobre a caixa de ferramentas | E25: Enviar versão final para Petrobras aprovar | F25: Thaís | G25: =IF($A25="","",_xlfn.TEXTJOIN("; ",TRUE,IF(COUNTIF('Clarice'!$B$6:$B$300,$A25)>0,"Clarice",""),IF(COUNTIF('Luisa'!$B$6:$B$300,$A25)>0,"Luisa",""),IF(COUNTIF('Lui'!$B$6:$B$300,$A25)>0,"Lui",""),IF(COUNTIF('Thaís'!$B$6:$B$300,$A25)>0,"Thaís",""),IF(COUNTIF('Daniel'!$B$6:$B$300,$A25)>0,"Daniel",""),IF(COUNTIF('Fernando'!$B$6:$B$300,$A25)>0,"Fernando",""),IF(COUNTIF('Stephanie'!$B$6:$B$300,$A25)>0,"Stephanie",""),IF(COUNTIF('Fox'!$B$6:$B$300,$A25)>0,"Fox",""),IF(COUNTIF('Bruna'!$B$6:$B$300,$A25)>0,"Bruna",""),IF(COUNTIF('Stella'!$B$6:$B$300,$A25)>0,"Stella",""),IF(COUNTIF('Igor'!$B$6:$B$300,$A25)>0,"Igor",""))) | I25: Não iniciado | J25: =IF(OR($A25="",(COUNTIF('Clarice'!$B$6:$B$300,$A25)+COUNTIF('Luisa'!$B$6:$B$300,$A25)+COUNTIF('Lui'!$B$6:$B$300,$A25)+COUNTIF('Thaís'!$B$6:$B$300,$A25)+COUNTIF('Daniel'!$B$6:$B$300,$A25)+COUNTIF('Fernando'!$B$6:$B$300,$A25)+COUNTIF('Stephanie'!$B$6:$B$300,$A25)+COUNTIF('Fox'!$B$6:$B$300,$A25)+COUNTIF('Bruna'!$B$6:$B$300,$A25)+COUNTIF('Stella'!$B$6:$B$300,$A25)+COUNTIF('Igor'!$B$6:$B$300,$A25))=0),"",(COUNTIFS('Clarice'!$B$6:$B$300,$A25,'Clarice'!$F$6:$F$300,"Concluído")+COUNTIFS('Luisa'!$B$6:$B$300,$A25,'Luisa'!$F$6:$F$300,"Concluído")+COUNTIFS('Lui'!$B$6:$B$300,$A25,'Lui'!$F$6:$F$300,"Concluído")+COUNTIFS('Thaís'!$B$6:$B$300,$A25,'Thaís'!$F$6:$F$300,"Concluído")+COUNTIFS('Daniel'!$B$6:$B$300,$A25,'Daniel'!$F$6:$F$300,"Concluído")+COUNTIFS('Fernando'!$B$6:$B$300,$A25,'Fernando'!$F$6:$F$300,"Concluído")+COUNTIFS('Stephanie'!$B$6:$B$300,$A25,'Stephanie'!$F$6:$F$300,"Concluído")+COUNTIFS('Fox'!$B$6:$B$300,$A25,'Fox'!$F$6:$F$300,"Concluído")+COUNTIFS('Bruna'!$B$6:$B$300,$A25,'Bruna'!$F$6:$F$300,"Concluído")+COUNTIFS('Stella'!$B$6:$B$300,$A25,'Stella'!$F$6:$F$300,"Concluído")+COUNTIFS('Igor'!$B$6:$B$300,$A25,'Igor'!$F$6:$F$300,"Concluído"))&" / "&(COUNTIF('Clarice'!$B$6:$B$300,$A25)+COUNTIF('Luisa'!$B$6:$B$300,$A25)+COUNTIF('Lui'!$B$6:$B$300,$A25)+COUNTIF('Thaís'!$B$6:$B$300,$A25)+COUNTIF('Daniel'!$B$6:$B$300,$A25)+COUNTIF('Fernando'!$B$6:$B$300,$A25)+COUNTIF('Stephanie'!$B$6:$B$300,$A25)+COUNTIF('Fox'!$B$6:$B$300,$A25)+COUNTIF('Bruna'!$B$6:$B$300,$A25)+COUNTIF('Stella'!$B$6:$B$300,$A25)+COUNTIF('Igor'!$B$6:$B$300,$A25))) | M25: 46216 | N25: 46283 | P25: =IF($A25="","",IF(M25<>"",M25,IF(K25<>"",K25,""))) | Q25: =IF($A25="","",IF(N25<>"",N25,IF(L25<>"",L25,""))) | S25: {=IF($A25="","",_xlfn.TEXTJOIN(CHAR(10),TRUE,IF('Clarice'!$B$6:$B$300=$A25,"Clarice"&IF('Clarice'!$E$6:$E$300="",""," : "&'Clarice'!$E$6:$E$300)&" ["&'Clarice'!$F$6:$F$300&"]",""),IF('Luisa'!$B$6:$B$300=$A25,"Luisa"&IF('Luisa'!$E$6:$E$300="",""," : "&'Luisa'!$E$6:$E$300)&" ["&'Luisa'!$F$6:$F$300&"]",""),IF('Lui'!$B$6:$B$300=$A25,"Lui"&IF('Lui'!$E$6:$E$300="",""," : "&'Lui'!$E$6:$E$300)&" ["&'Lui'!$F$6:$F$300&"]",""),IF('Thaís'!$B$6:$B$300=$A25,"Thaís"&IF('Thaís'!$E$6:$E$300="",""," : "&'Thaís'!$E$6:$E$300)&" ["&'Thaís'!$F$6:$F$300&"]",""),IF('Daniel'!$B$6:$B$300=$A25,"Daniel"&IF('Daniel'!$E$6:$E$300="",""," : "&'Daniel'!$E$6:$E$300)&" ["&'Daniel'!$F$6:$F$300&"]",""),IF('Fernando'!$B$6:$B$300=$A25,"Fernando"&IF('Fernando'!$E$6:$E$300="",""," : "&'Fernando'!$E$6:$E$300)&" ["&'Fernando'!$F$6:$F$300&"]",""),IF('Stephanie'!$B$6:$B$300=$A25,"Stephanie"&IF('Stephanie'!$E$6:$E$300="",""," : "&'Stephanie'!$E$6:$E$300)&" ["&'Stephanie'!$F$6:$F$300&"]",""),IF('Fox'!$B$6:$B$300=$A25,"Fox"&IF('Fox'!$E$6:$E$300="",""," : "&'Fox'!$E$6:$E$300)&" ["&'Fox'!$F$6:$F$300&"]",""),IF('Bruna'!$B$6:$B$300=$A25,"Bruna"&IF('Bruna'!$E$6:$E$300="",""," : "&'Bruna'!$E$6:$E$300)&" ["&'Bruna'!$F$6:$F$300&"]",""),IF('Stella'!$B$6:$B$300=$A25,"Stella"&IF('Stella'!$E$6:$E$300="",""," : "&'Stella'!$E$6:$E$300)&" ["&'Stella'!$F$6:$F$300&"]",""),IF('Igor'!$B$6:$B$300=$A25,"Igor"&IF('Igor'!$E$6:$E$300="",""," : "&'Igor'!$E$6:$E$300)&" ["&'Igor'!$F$6:$F$300&"]","")))}
A26: ART-019 | B26: Extra - Artigo | C26: 1. Elaboração do artigo sobre a caixa de ferramentas | E26: Submeter o artigo | F26: Thaís | G26: =IF($A26="","",_xlfn.TEXTJOIN("; ",TRUE,IF(COUNTIF('Clarice'!$B$6:$B$300,$A26)>0,"Clarice",""),IF(COUNTIF('Luisa'!$B$6:$B$300,$A26)>0,"Luisa",""),IF(COUNTIF('Lui'!$B$6:$B$300,$A26)>0,"Lui",""),IF(COUNTIF('Thaís'!$B$6:$B$300,$A26)>0,"Thaís",""),IF(COUNTIF('Daniel'!$B$6:$B$300,$A26)>0,"Daniel",""),IF(COUNTIF('Fernando'!$B$6:$B$300,$A26)>0,"Fernando",""),IF(COUNTIF('Stephanie'!$B$6:$B$300,$A26)>0,"Stephanie",""),IF(COUNTIF('Fox'!$B$6:$B$300,$A26)>0,"Fox",""),IF(COUNTIF('Bruna'!$B$6:$B$300,$A26)>0,"Bruna",""),IF(COUNTIF('Stella'!$B$6:$B$300,$A26)>0,"Stella",""),IF(COUNTIF('Igor'!$B$6:$B$300,$A26)>0,"Igor",""))) | H26: a definir | I26: Não iniciado | J26: =IF(OR($A26="",(COUNTIF('Clarice'!$B$6:$B$300,$A26)+COUNTIF('Luisa'!$B$6:$B$300,$A26)+COUNTIF('Lui'!$B$6:$B$300,$A26)+COUNTIF('Thaís'!$B$6:$B$300,$A26)+COUNTIF('Daniel'!$B$6:$B$300,$A26)+COUNTIF('Fernando'!$B$6:$B$300,$A26)+COUNTIF('Stephanie'!$B$6:$B$300,$A26)+COUNTIF('Fox'!$B$6:$B$300,$A26)+COUNTIF('Bruna'!$B$6:$B$300,$A26)+COUNTIF('Stella'!$B$6:$B$300,$A26)+COUNTIF('Igor'!$B$6:$B$300,$A26))=0),"",(COUNTIFS('Clarice'!$B$6:$B$300,$A26,'Clarice'!$F$6:$F$300,"Concluído")+COUNTIFS('Luisa'!$B$6:$B$300,$A26,'Luisa'!$F$6:$F$300,"Concluído")+COUNTIFS('Lui'!$B$6:$B$300,$A26,'Lui'!$F$6:$F$300,"Concluído")+COUNTIFS('Thaís'!$B$6:$B$300,$A26,'Thaís'!$F$6:$F$300,"Concluído")+COUNTIFS('Daniel'!$B$6:$B$300,$A26,'Daniel'!$F$6:$F$300,"Concluído")+COUNTIFS('Fernando'!$B$6:$B$300,$A26,'Fernando'!$F$6:$F$300,"Concluído")+COUNTIFS('Stephanie'!$B$6:$B$300,$A26,'Stephanie'!$F$6:$F$300,"Concluído")+COUNTIFS('Fox'!$B$6:$B$300,$A26,'Fox'!$F$6:$F$300,"Concluído")+COUNTIFS('Bruna'!$B$6:$B$300,$A26,'Bruna'!$F$6:$F$300,"Concluído")+COUNTIFS('Stella'!$B$6:$B$300,$A26,'Stella'!$F$6:$F$300,"Concluído")+COUNTIFS('Igor'!$B$6:$B$300,$A26,'Igor'!$F$6:$F$300,"Concluído"))&" / "&(COUNTIF('Clarice'!$B$6:$B$300,$A26)+COUNTIF('Luisa'!$B$6:$B$300,$A26)+COUNTIF('Lui'!$B$6:$B$300,$A26)+COUNTIF('Thaís'!$B$6:$B$300,$A26)+COUNTIF('Daniel'!$B$6:$B$300,$A26)+COUNTIF('Fernando'!$B$6:$B$300,$A26)+COUNTIF('Stephanie'!$B$6:$B$300,$A26)+COUNTIF('Fox'!$B$6:$B$300,$A26)+COUNTIF('Bruna'!$B$6:$B$300,$A26)+COUNTIF('Stella'!$B$6:$B$300,$A26)+COUNTIF('Igor'!$B$6:$B$300,$A26))) | K26: 46167 | L26: 46171 | M26: 46167 | N26: 46295 | P26: =IF($A26="","",IF(M26<>"",M26,IF(K26<>"",K26,""))) | Q26: =IF($A26="","",IF(N26<>"",N26,IF(L26<>"",L26,""))) | S26: {=IF($A26="","",_xlfn.TEXTJOIN(CHAR(10),TRUE,IF('Clarice'!$B$6:$B$300=$A26,"Clarice"&IF('Clarice'!$E$6:$E$300="",""," : "&'Clarice'!$E$6:$E$300)&" ["&'Clarice'!$F$6:$F$300&"]",""),IF('Luisa'!$B$6:$B$300=$A26,"Luisa"&IF('Luisa'!$E$6:$E$300="",""," : "&'Luisa'!$E$6:$E$300)&" ["&'Luisa'!$F$6:$F$300&"]",""),IF('Lui'!$B$6:$B$300=$A26,"Lui"&IF('Lui'!$E$6:$E$300="",""," : "&'Lui'!$E$6:$E$300)&" ["&'Lui'!$F$6:$F$300&"]",""),IF('Thaís'!$B$6:$B$300=$A26,"Thaís"&IF('Thaís'!$E$6:$E$300="",""," : "&'Thaís'!$E$6:$E$300)&" ["&'Thaís'!$F$6:$F$300&"]",""),IF('Daniel'!$B$6:$B$300=$A26,"Daniel"&IF('Daniel'!$E$6:$E$300="",""," : "&'Daniel'!$E$6:$E$300)&" ["&'Daniel'!$F$6:$F$300&"]",""),IF('Fernando'!$B$6:$B$300=$A26,"Fernando"&IF('Fernando'!$E$6:$E$300="",""," : "&'Fernando'!$E$6:$E$300)&" ["&'Fernando'!$F$6:$F$300&"]",""),IF('Stephanie'!$B$6:$B$300=$A26,"Stephanie"&IF('Stephanie'!$E$6:$E$300="",""," : "&'Stephanie'!$E$6:$E$300)&" ["&'Stephanie'!$F$6:$F$300&"]",""),IF('Fox'!$B$6:$B$300=$A26,"Fox"&IF('Fox'!$E$6:$E$300="",""," : "&'Fox'!$E$6:$E$300)&" ["&'Fox'!$F$6:$F$300&"]",""),IF('Bruna'!$B$6:$B$300=$A26,"Bruna"&IF('Bruna'!$E$6:$E$300="",""," : "&'Bruna'!$E$6:$E$300)&" ["&'Bruna'!$F$6:$F$300&"]",""),IF('Stella'!$B$6:$B$300=$A26,"Stella"&IF('Stella'!$E$6:$E$300="",""," : "&'Stella'!$E$6:$E$300)&" ["&'Stella'!$F$6:$F$300&"]",""),IF('Igor'!$B$6:$B$300=$A26,"Igor"&IF('Igor'!$E$6:$E$300="",""," : "&'Igor'!$E$6:$E$300)&" ["&'Igor'!$F$6:$F$300&"]","")))}
B27: Etapa 2: Construção das métricas | Atividade 7: Operacionalização das métricas | Atividade 8: Aplicação das métricas | C27: 2. Aplicação da EC | E27: 2. Aplicação da EC | G27: =IF($A27="","",_xlfn.TEXTJOIN("; ",TRUE,IF(COUNTIF('Clarice'!$B$6:$B$300,$A27)>0,"Clarice",""),IF(COUNTIF('Luisa'!$B$6:$B$300,$A27)>0,"Luisa",""),IF(COUNTIF('Lui'!$B$6:$B$300,$A27)>0,"Lui",""),IF(COUNTIF('Thaís'!$B$6:$B$300,$A27)>0,"Thaís",""),IF(COUNTIF('Daniel'!$B$6:$B$300,$A27)>0,"Daniel",""),IF(COUNTIF('Fernando'!$B$6:$B$300,$A27)>0,"Fernando",""),IF(COUNTIF('Stephanie'!$B$6:$B$300,$A27)>0,"Stephanie",""),IF(COUNTIF('Fox'!$B$6:$B$300,$A27)>0,"Fox",""),IF(COUNTIF('Bruna'!$B$6:$B$300,$A27)>0,"Bruna",""),IF(COUNTIF('Stella'!$B$6:$B$300,$A27)>0,"Stella",""),IF(COUNTIF('Igor'!$B$6:$B$300,$A27)>0,"Igor",""))) | J27: =IF(OR($A27="",(COUNTIF('Clarice'!$B$6:$B$300,$A27)+COUNTIF('Luisa'!$B$6:$B$300,$A27)+COUNTIF('Lui'!$B$6:$B$300,$A27)+COUNTIF('Thaís'!$B$6:$B$300,$A27)+COUNTIF('Daniel'!$B$6:$B$300,$A27)+COUNTIF('Fernando'!$B$6:$B$300,$A27)+COUNTIF('Stephanie'!$B$6:$B$300,$A27)+COUNTIF('Fox'!$B$6:$B$300,$A27)+COUNTIF('Bruna'!$B$6:$B$300,$A27)+COUNTIF('Stella'!$B$6:$B$300,$A27)+COUNTIF('Igor'!$B$6:$B$300,$A27))=0),"",(COUNTIFS('Clarice'!$B$6:$B$300,$A27,'Clarice'!$F$6:$F$300,"Concluído")+COUNTIFS('Luisa'!$B$6:$B$300,$A27,'Luisa'!$F$6:$F$300,"Concluído")+COUNTIFS('Lui'!$B$6:$B$300,$A27,'Lui'!$F$6:$F$300,"Concluído")+COUNTIFS('Thaís'!$B$6:$B$300,$A27,'Thaís'!$F$6:$F$300,"Concluído")+COUNTIFS('Daniel'!$B$6:$B$300,$A27,'Daniel'!$F$6:$F$300,"Concluído")+COUNTIFS('Fernando'!$B$6:$B$300,$A27,'Fernando'!$F$6:$F$300,"Concluído")+COUNTIFS('Stephanie'!$B$6:$B$300,$A27,'Stephanie'!$F$6:$F$300,"Concluído")+COUNTIFS('Fox'!$B$6:$B$300,$A27,'Fox'!$F$6:$F$300,"Concluído")+COUNTIFS('Bruna'!$B$6:$B$300,$A27,'Bruna'!$F$6:$F$300,"Concluído")+COUNTIFS('Stella'!$B$6:$B$300,$A27,'Stella'!$F$6:$F$300,"Concluído")+COUNTIFS('Igor'!$B$6:$B$300,$A27,'Igor'!$F$6:$F$300,"Concluído"))&" / "&(COUNTIF('Clarice'!$B$6:$B$300,$A27)+COUNTIF('Luisa'!$B$6:$B$300,$A27)+COUNTIF('Lui'!$B$6:$B$300,$A27)+COUNTIF('Thaís'!$B$6:$B$300,$A27)+COUNTIF('Daniel'!$B$6:$B$300,$A27)+COUNTIF('Fernando'!$B$6:$B$300,$A27)+COUNTIF('Stephanie'!$B$6:$B$300,$A27)+COUNTIF('Fox'!$B$6:$B$300,$A27)+COUNTIF('Bruna'!$B$6:$B$300,$A27)+COUNTIF('Stella'!$B$6:$B$300,$A27)+COUNTIF('Igor'!$B$6:$B$300,$A27))) | P27: =IF($A27="","",IF(M27<>"",M27,IF(K27<>"",K27,""))) | Q27: =IF($A27="","",IF(N27<>"",N27,IF(L27<>"",L27,""))) | S27: {=IF($A27="","",_xlfn.TEXTJOIN(CHAR(10),TRUE,IF('Clarice'!$B$6:$B$300=$A27,"Clarice"&IF('Clarice'!$E$6:$E$300="",""," : "&'Clarice'!$E$6:$E$300)&" ["&'Clarice'!$F$6:$F$300&"]",""),IF('Luisa'!$B$6:$B$300=$A27,"Luisa"&IF('Luisa'!$E$6:$E$300="",""," : "&'Luisa'!$E$6:$E$300)&" ["&'Luisa'!$F$6:$F$300&"]",""),IF('Lui'!$B$6:$B$300=$A27,"Lui"&IF('Lui'!$E$6:$E$300="",""," : "&'Lui'!$E$6:$E$300)&" ["&'Lui'!$F$6:$F$300&"]",""),IF('Thaís'!$B$6:$B$300=$A27,"Thaís"&IF('Thaís'!$E$6:$E$300="",""," : "&'Thaís'!$E$6:$E$300)&" ["&'Thaís'!$F$6:$F$300&"]",""),IF('Daniel'!$B$6:$B$300=$A27,"Daniel"&IF('Daniel'!$E$6:$E$300="",""," : "&'Daniel'!$E$6:$E$300)&" ["&'Daniel'!$F$6:$F$300&"]",""),IF('Fernando'!$B$6:$B$300=$A27,"Fernando"&IF('Fernando'!$E$6:$E$300="",""," : "&'Fernando'!$E$6:$E$300)&" ["&'Fernando'!$F$6:$F$300&"]",""),IF('Stephanie'!$B$6:$B$300=$A27,"Stephanie"&IF('Stephanie'!$E$6:$E$300="",""," : "&'Stephanie'!$E$6:$E$300)&" ["&'Stephanie'!$F$6:$F$300&"]",""),IF('Fox'!$B$6:$B$300=$A27,"Fox"&IF('Fox'!$E$6:$E$300="",""," : "&'Fox'!$E$6:$E$300)&" ["&'Fox'!$F$6:$F$300&"]",""),IF('Bruna'!$B$6:$B$300=$A27,"Bruna"&IF('Bruna'!$E$6:$E$300="",""," : "&'Bruna'!$E$6:$E$300)&" ["&'Bruna'!$F$6:$F$300&"]",""),IF('Stella'!$B$6:$B$300=$A27,"Stella"&IF('Stella'!$E$6:$E$300="",""," : "&'Stella'!$E$6:$E$300)&" ["&'Stella'!$F$6:$F$300&"]",""),IF('Igor'!$B$6:$B$300=$A27,"Igor"&IF('Igor'!$E$6:$E$300="",""," : "&'Igor'!$E$6:$E$300)&" ["&'Igor'!$F$6:$F$300&"]","")))}
A28: EC-001 | B28: Etapa 2: Construção das métricas | Atividade 7: Operacionalização das métricas | Atividade 8: Aplicação das métricas | C28: 2. Aplicação da EC | E28: Elaboração da metodologia de aplicação da métrica | G28: =IF($A28="","",_xlfn.TEXTJOIN("; ",TRUE,IF(COUNTIF('Clarice'!$B$6:$B$300,$A28)>0,"Clarice",""),IF(COUNTIF('Luisa'!$B$6:$B$300,$A28)>0,"Luisa",""),IF(COUNTIF('Lui'!$B$6:$B$300,$A28)>0,"Lui",""),IF(COUNTIF('Thaís'!$B$6:$B$300,$A28)>0,"Thaís",""),IF(COUNTIF('Daniel'!$B$6:$B$300,$A28)>0,"Daniel",""),IF(COUNTIF('Fernando'!$B$6:$B$300,$A28)>0,"Fernando",""),IF(COUNTIF('Stephanie'!$B$6:$B$300,$A28)>0,"Stephanie",""),IF(COUNTIF('Fox'!$B$6:$B$300,$A28)>0,"Fox",""),IF(COUNTIF('Bruna'!$B$6:$B$300,$A28)>0,"Bruna",""),IF(COUNTIF('Stella'!$B$6:$B$300,$A28)>0,"Stella",""),IF(COUNTIF('Igor'!$B$6:$B$300,$A28)>0,"Igor",""))) | J28: =IF(OR($A28="",(COUNTIF('Clarice'!$B$6:$B$300,$A28)+COUNTIF('Luisa'!$B$6:$B$300,$A28)+COUNTIF('Lui'!$B$6:$B$300,$A28)+COUNTIF('Thaís'!$B$6:$B$300,$A28)+COUNTIF('Daniel'!$B$6:$B$300,$A28)+COUNTIF('Fernando'!$B$6:$B$300,$A28)+COUNTIF('Stephanie'!$B$6:$B$300,$A28)+COUNTIF('Fox'!$B$6:$B$300,$A28)+COUNTIF('Bruna'!$B$6:$B$300,$A28)+COUNTIF('Stella'!$B$6:$B$300,$A28)+COUNTIF('Igor'!$B$6:$B$300,$A28))=0),"",(COUNTIFS('Clarice'!$B$6:$B$300,$A28,'Clarice'!$F$6:$F$300,"Concluído")+COUNTIFS('Luisa'!$B$6:$B$300,$A28,'Luisa'!$F$6:$F$300,"Concluído")+COUNTIFS('Lui'!$B$6:$B$300,$A28,'Lui'!$F$6:$F$300,"Concluído")+COUNTIFS('Thaís'!$B$6:$B$300,$A28,'Thaís'!$F$6:$F$300,"Concluído")+COUNTIFS('Daniel'!$B$6:$B$300,$A28,'Daniel'!$F$6:$F$300,"Concluído")+COUNTIFS('Fernando'!$B$6:$B$300,$A28,'Fernando'!$F$6:$F$300,"Concluído")+COUNTIFS('Stephanie'!$B$6:$B$300,$A28,'Stephanie'!$F$6:$F$300,"Concluído")+COUNTIFS('Fox'!$B$6:$B$300,$A28,'Fox'!$F$6:$F$300,"Concluído")+COUNTIFS('Bruna'!$B$6:$B$300,$A28,'Bruna'!$F$6:$F$300,"Concluído")+COUNTIFS('Stella'!$B$6:$B$300,$A28,'Stella'!$F$6:$F$300,"Concluído")+COUNTIFS('Igor'!$B$6:$B$300,$A28,'Igor'!$F$6:$F$300,"Concluído"))&" / "&(COUNTIF('Clarice'!$B$6:$B$300,$A28)+COUNTIF('Luisa'!$B$6:$B$300,$A28)+COUNTIF('Lui'!$B$6:$B$300,$A28)+COUNTIF('Thaís'!$B$6:$B$300,$A28)+COUNTIF('Daniel'!$B$6:$B$300,$A28)+COUNTIF('Fernando'!$B$6:$B$300,$A28)+COUNTIF('Stephanie'!$B$6:$B$300,$A28)+COUNTIF('Fox'!$B$6:$B$300,$A28)+COUNTIF('Bruna'!$B$6:$B$300,$A28)+COUNTIF('Stella'!$B$6:$B$300,$A28)+COUNTIF('Igor'!$B$6:$B$300,$A28))) | P28: =IF($A28="","",IF(M28<>"",M28,IF(K28<>"",K28,""))) | Q28: =IF($A28="","",IF(N28<>"",N28,IF(L28<>"",L28,""))) | S28: {=IF($A28="","",_xlfn.TEXTJOIN(CHAR(10),TRUE,IF('Clarice'!$B$6:$B$300=$A28,"Clarice"&IF('Clarice'!$E$6:$E$300="",""," : "&'Clarice'!$E$6:$E$300)&" ["&'Clarice'!$F$6:$F$300&"]",""),IF('Luisa'!$B$6:$B$300=$A28,"Luisa"&IF('Luisa'!$E$6:$E$300="",""," : "&'Luisa'!$E$6:$E$300)&" ["&'Luisa'!$F$6:$F$300&"]",""),IF('Lui'!$B$6:$B$300=$A28,"Lui"&IF('Lui'!$E$6:$E$300="",""," : "&'Lui'!$E$6:$E$300)&" ["&'Lui'!$F$6:$F$300&"]",""),IF('Thaís'!$B$6:$B$300=$A28,"Thaís"&IF('Thaís'!$E$6:$E$300="",""," : "&'Thaís'!$E$6:$E$300)&" ["&'Thaís'!$F$6:$F$300&"]",""),IF('Daniel'!$B$6:$B$300=$A28,"Daniel"&IF('Daniel'!$E$6:$E$300="",""," : "&'Daniel'!$E$6:$E$300)&" ["&'Daniel'!$F$6:$F$300&"]",""),IF('Fernando'!$B$6:$B$300=$A28,"Fernando"&IF('Fernando'!$E$6:$E$300="",""," : "&'Fernando'!$E$6:$E$300)&" ["&'Fernando'!$F$6:$F$300&"]",""),IF('Stephanie'!$B$6:$B$300=$A28,"Stephanie"&IF('Stephanie'!$E$6:$E$300="",""," : "&'Stephanie'!$E$6:$E$300)&" ["&'Stephanie'!$F$6:$F$300&"]",""),IF('Fox'!$B$6:$B$300=$A28,"Fox"&IF('Fox'!$E$6:$E$300="",""," : "&'Fox'!$E$6:$E$300)&" ["&'Fox'!$F$6:$F$300&"]",""),IF('Bruna'!$B$6:$B$300=$A28,"Bruna"&IF('Bruna'!$E$6:$E$300="",""," : "&'Bruna'!$E$6:$E$300)&" ["&'Bruna'!$F$6:$F$300&"]",""),IF('Stella'!$B$6:$B$300=$A28,"Stella"&IF('Stella'!$E$6:$E$300="",""," : "&'Stella'!$E$6:$E$300)&" ["&'Stella'!$F$6:$F$300&"]",""),IF('Igor'!$B$6:$B$300=$A28,"Igor"&IF('Igor'!$E$6:$E$300="",""," : "&'Igor'!$E$6:$E$300)&" ["&'Igor'!$F$6:$F$300&"]","")))}
B29: Etapa 2: Construção das métricas | Atividade 7: Operacionalização das métricas | Atividade 8: Aplicação das métricas | C29: 2. Aplicação da EC | D29: 2.1 UTGCA | E29: 2.1 UTGCA | F29: Clarice | G29: =IF($A29="","",_xlfn.TEXTJOIN("; ",TRUE,IF(COUNTIF('Clarice'!$B$6:$B$300,$A29)>0,"Clarice",""),IF(COUNTIF('Luisa'!$B$6:$B$300,$A29)>0,"Luisa",""),IF(COUNTIF('Lui'!$B$6:$B$300,$A29)>0,"Lui",""),IF(COUNTIF('Thaís'!$B$6:$B$300,$A29)>0,"Thaís",""),IF(COUNTIF('Daniel'!$B$6:$B$300,$A29)>0,"Daniel",""),IF(COUNTIF('Fernando'!$B$6:$B$300,$A29)>0,"Fernando",""),IF(COUNTIF('Stephanie'!$B$6:$B$300,$A29)>0,"Stephanie",""),IF(COUNTIF('Fox'!$B$6:$B$300,$A29)>0,"Fox",""),IF(COUNTIF('Bruna'!$B$6:$B$300,$A29)>0,"Bruna",""),IF(COUNTIF('Stella'!$B$6:$B$300,$A29)>0,"Stella",""),IF(COUNTIF('Igor'!$B$6:$B$300,$A29)>0,"Igor",""))) | J29: =IF(OR($A29="",(COUNTIF('Clarice'!$B$6:$B$300,$A29)+COUNTIF('Luisa'!$B$6:$B$300,$A29)+COUNTIF('Lui'!$B$6:$B$300,$A29)+COUNTIF('Thaís'!$B$6:$B$300,$A29)+COUNTIF('Daniel'!$B$6:$B$300,$A29)+COUNTIF('Fernando'!$B$6:$B$300,$A29)+COUNTIF('Stephanie'!$B$6:$B$300,$A29)+COUNTIF('Fox'!$B$6:$B$300,$A29)+COUNTIF('Bruna'!$B$6:$B$300,$A29)+COUNTIF('Stella'!$B$6:$B$300,$A29)+COUNTIF('Igor'!$B$6:$B$300,$A29))=0),"",(COUNTIFS('Clarice'!$B$6:$B$300,$A29,'Clarice'!$F$6:$F$300,"Concluído")+COUNTIFS('Luisa'!$B$6:$B$300,$A29,'Luisa'!$F$6:$F$300,"Concluído")+COUNTIFS('Lui'!$B$6:$B$300,$A29,'Lui'!$F$6:$F$300,"Concluído")+COUNTIFS('Thaís'!$B$6:$B$300,$A29,'Thaís'!$F$6:$F$300,"Concluído")+COUNTIFS('Daniel'!$B$6:$B$300,$A29,'Daniel'!$F$6:$F$300,"Concluído")+COUNTIFS('Fernando'!$B$6:$B$300,$A29,'Fernando'!$F$6:$F$300,"Concluído")+COUNTIFS('Stephanie'!$B$6:$B$300,$A29,'Stephanie'!$F$6:$F$300,"Concluído")+COUNTIFS('Fox'!$B$6:$B$300,$A29,'Fox'!$F$6:$F$300,"Concluído")+COUNTIFS('Bruna'!$B$6:$B$300,$A29,'Bruna'!$F$6:$F$300,"Concluído")+COUNTIFS('Stella'!$B$6:$B$300,$A29,'Stella'!$F$6:$F$300,"Concluído")+COUNTIFS('Igor'!$B$6:$B$300,$A29,'Igor'!$F$6:$F$300,"Concluído"))&" / "&(COUNTIF('Clarice'!$B$6:$B$300,$A29)+COUNTIF('Luisa'!$B$6:$B$300,$A29)+COUNTIF('Lui'!$B$6:$B$300,$A29)+COUNTIF('Thaís'!$B$6:$B$300,$A29)+COUNTIF('Daniel'!$B$6:$B$300,$A29)+COUNTIF('Fernando'!$B$6:$B$300,$A29)+COUNTIF('Stephanie'!$B$6:$B$300,$A29)+COUNTIF('Fox'!$B$6:$B$300,$A29)+COUNTIF('Bruna'!$B$6:$B$300,$A29)+COUNTIF('Stella'!$B$6:$B$300,$A29)+COUNTIF('Igor'!$B$6:$B$300,$A29))) | P29: =IF($A29="","",IF(M29<>"",M29,IF(K29<>"",K29,""))) | Q29: =IF($A29="","",IF(N29<>"",N29,IF(L29<>"",L29,""))) | S29: {=IF($A29="","",_xlfn.TEXTJOIN(CHAR(10),TRUE,IF('Clarice'!$B$6:$B$300=$A29,"Clarice"&IF('Clarice'!$E$6:$E$300="",""," : "&'Clarice'!$E$6:$E$300)&" ["&'Clarice'!$F$6:$F$300&"]",""),IF('Luisa'!$B$6:$B$300=$A29,"Luisa"&IF('Luisa'!$E$6:$E$300="",""," : "&'Luisa'!$E$6:$E$300)&" ["&'Luisa'!$F$6:$F$300&"]",""),IF('Lui'!$B$6:$B$300=$A29,"Lui"&IF('Lui'!$E$6:$E$300="",""," : "&'Lui'!$E$6:$E$300)&" ["&'Lui'!$F$6:$F$300&"]",""),IF('Thaís'!$B$6:$B$300=$A29,"Thaís"&IF('Thaís'!$E$6:$E$300="",""," : "&'Thaís'!$E$6:$E$300)&" ["&'Thaís'!$F$6:$F$300&"]",""),IF('Daniel'!$B$6:$B$300=$A29,"Daniel"&IF('Daniel'!$E$6:$E$300="",""," : "&'Daniel'!$E$6:$E$300)&" ["&'Daniel'!$F$6:$F$300&"]",""),IF('Fernando'!$B$6:$B$300=$A29,"Fernando"&IF('Fernando'!$E$6:$E$300="",""," : "&'Fernando'!$E$6:$E$300)&" ["&'Fernando'!$F$6:$F$300&"]",""),IF('Stephanie'!$B$6:$B$300=$A29,"Stephanie"&IF('Stephanie'!$E$6:$E$300="",""," : "&'Stephanie'!$E$6:$E$300)&" ["&'Stephanie'!$F$6:$F$300&"]",""),IF('Fox'!$B$6:$B$300=$A29,"Fox"&IF('Fox'!$E$6:$E$300="",""," : "&'Fox'!$E$6:$E$300)&" ["&'Fox'!$F$6:$F$300&"]",""),IF('Bruna'!$B$6:$B$300=$A29,"Bruna"&IF('Bruna'!$E$6:$E$300="",""," : "&'Bruna'!$E$6:$E$300)&" ["&'Bruna'!$F$6:$F$300&"]",""),IF('Stella'!$B$6:$B$300=$A29,"Stella"&IF('Stella'!$E$6:$E$300="",""," : "&'Stella'!$E$6:$E$300)&" ["&'Stella'!$F$6:$F$300&"]",""),IF('Igor'!$B$6:$B$300=$A29,"Igor"&IF('Igor'!$E$6:$E$300="",""," : "&'Igor'!$E$6:$E$300)&" ["&'Igor'!$F$6:$F$300&"]","")))}
A30: EC-002 | B30: Etapa 2: Construção das métricas | Atividade 7: Operacionalização das métricas | Atividade 8: Aplicação das métricas | C30: 2. Aplicação da EC | D30: 2.1 UTGCA | E30: Definir as espécies internamente (UTGCA) | F30: Clarice | G30: =IF($A30="","",_xlfn.TEXTJOIN("; ",TRUE,IF(COUNTIF('Clarice'!$B$6:$B$300,$A30)>0,"Clarice",""),IF(COUNTIF('Luisa'!$B$6:$B$300,$A30)>0,"Luisa",""),IF(COUNTIF('Lui'!$B$6:$B$300,$A30)>0,"Lui",""),IF(COUNTIF('Thaís'!$B$6:$B$300,$A30)>0,"Thaís",""),IF(COUNTIF('Daniel'!$B$6:$B$300,$A30)>0,"Daniel",""),IF(COUNTIF('Fernando'!$B$6:$B$300,$A30)>0,"Fernando",""),IF(COUNTIF('Stephanie'!$B$6:$B$300,$A30)>0,"Stephanie",""),IF(COUNTIF('Fox'!$B$6:$B$300,$A30)>0,"Fox",""),IF(COUNTIF('Bruna'!$B$6:$B$300,$A30)>0,"Bruna",""),IF(COUNTIF('Stella'!$B$6:$B$300,$A30)>0,"Stella",""),IF(COUNTIF('Igor'!$B$6:$B$300,$A30)>0,"Igor",""))) | I30: Concluído | J30: =IF(OR($A30="",(COUNTIF('Clarice'!$B$6:$B$300,$A30)+COUNTIF('Luisa'!$B$6:$B$300,$A30)+COUNTIF('Lui'!$B$6:$B$300,$A30)+COUNTIF('Thaís'!$B$6:$B$300,$A30)+COUNTIF('Daniel'!$B$6:$B$300,$A30)+COUNTIF('Fernando'!$B$6:$B$300,$A30)+COUNTIF('Stephanie'!$B$6:$B$300,$A30)+COUNTIF('Fox'!$B$6:$B$300,$A30)+COUNTIF('Bruna'!$B$6:$B$300,$A30)+COUNTIF('Stella'!$B$6:$B$300,$A30)+COUNTIF('Igor'!$B$6:$B$300,$A30))=0),"",(COUNTIFS('Clarice'!$B$6:$B$300,$A30,'Clarice'!$F$6:$F$300,"Concluído")+COUNTIFS('Luisa'!$B$6:$B$300,$A30,'Luisa'!$F$6:$F$300,"Concluído")+COUNTIFS('Lui'!$B$6:$B$300,$A30,'Lui'!$F$6:$F$300,"Concluído")+COUNTIFS('Thaís'!$B$6:$B$300,$A30,'Thaís'!$F$6:$F$300,"Concluído")+COUNTIFS('Daniel'!$B$6:$B$300,$A30,'Daniel'!$F$6:$F$300,"Concluído")+COUNTIFS('Fernando'!$B$6:$B$300,$A30,'Fernando'!$F$6:$F$300,"Concluído")+COUNTIFS('Stephanie'!$B$6:$B$300,$A30,'Stephanie'!$F$6:$F$300,"Concluído")+COUNTIFS('Fox'!$B$6:$B$300,$A30,'Fox'!$F$6:$F$300,"Concluído")+COUNTIFS('Bruna'!$B$6:$B$300,$A30,'Bruna'!$F$6:$F$300,"Concluído")+COUNTIFS('Stella'!$B$6:$B$300,$A30,'Stella'!$F$6:$F$300,"Concluído")+COUNTIFS('Igor'!$B$6:$B$300,$A30,'Igor'!$F$6:$F$300,"Concluído"))&" / "&(COUNTIF('Clarice'!$B$6:$B$300,$A30)+COUNTIF('Luisa'!$B$6:$B$300,$A30)+COUNTIF('Lui'!$B$6:$B$300,$A30)+COUNTIF('Thaís'!$B$6:$B$300,$A30)+COUNTIF('Daniel'!$B$6:$B$300,$A30)+COUNTIF('Fernando'!$B$6:$B$300,$A30)+COUNTIF('Stephanie'!$B$6:$B$300,$A30)+COUNTIF('Fox'!$B$6:$B$300,$A30)+COUNTIF('Bruna'!$B$6:$B$300,$A30)+COUNTIF('Stella'!$B$6:$B$300,$A30)+COUNTIF('Igor'!$B$6:$B$300,$A30))) | P30: =IF($A30="","",IF(M30<>"",M30,IF(K30<>"",K30,""))) | Q30: =IF($A30="","",IF(N30<>"",N30,IF(L30<>"",L30,""))) | S30: {=IF($A30="","",_xlfn.TEXTJOIN(CHAR(10),TRUE,IF('Clarice'!$B$6:$B$300=$A30,"Clarice"&IF('Clarice'!$E$6:$E$300="",""," : "&'Clarice'!$E$6:$E$300)&" ["&'Clarice'!$F$6:$F$300&"]",""),IF('Luisa'!$B$6:$B$300=$A30,"Luisa"&IF('Luisa'!$E$6:$E$300="",""," : "&'Luisa'!$E$6:$E$300)&" ["&'Luisa'!$F$6:$F$300&"]",""),IF('Lui'!$B$6:$B$300=$A30,"Lui"&IF('Lui'!$E$6:$E$300="",""," : "&'Lui'!$E$6:$E$300)&" ["&'Lui'!$F$6:$F$300&"]",""),IF('Thaís'!$B$6:$B$300=$A30,"Thaís"&IF('Thaís'!$E$6:$E$300="",""," : "&'Thaís'!$E$6:$E$300)&" ["&'Thaís'!$F$6:$F$300&"]",""),IF('Daniel'!$B$6:$B$300=$A30,"Daniel"&IF('Daniel'!$E$6:$E$300="",""," : "&'Daniel'!$E$6:$E$300)&" ["&'Daniel'!$F$6:$F$300&"]",""),IF('Fernando'!$B$6:$B$300=$A30,"Fernando"&IF('Fernando'!$E$6:$E$300="",""," : "&'Fernando'!$E$6:$E$300)&" ["&'Fernando'!$F$6:$F$300&"]",""),IF('Stephanie'!$B$6:$B$300=$A30,"Stephanie"&IF('Stephanie'!$E$6:$E$300="",""," : "&'Stephanie'!$E$6:$E$300)&" ["&'Stephanie'!$F$6:$F$300&"]",""),IF('Fox'!$B$6:$B$300=$A30,"Fox"&IF('Fox'!$E$6:$E$300="",""," : "&'Fox'!$E$6:$E$300)&" ["&'Fox'!$F$6:$F$300&"]",""),IF('Bruna'!$B$6:$B$300=$A30,"Bruna"&IF('Bruna'!$E$6:$E$300="",""," : "&'Bruna'!$E$6:$E$300)&" ["&'Bruna'!$F$6:$F$300&"]",""),IF('Stella'!$B$6:$B$300=$A30,"Stella"&IF('Stella'!$E$6:$E$300="",""," : "&'Stella'!$E$6:$E$300)&" ["&'Stella'!$F$6:$F$300&"]",""),IF('Igor'!$B$6:$B$300=$A30,"Igor"&IF('Igor'!$E$6:$E$300="",""," : "&'Igor'!$E$6:$E$300)&" ["&'Igor'!$F$6:$F$300&"]","")))}
A31: EC-003 | B31: Etapa 2: Construção das métricas | Atividade 7: Operacionalização das métricas | Atividade 8: Aplicação das métricas | C31: 2. Aplicação da EC | D31: 2.1 UTGCA | E31: Validar as espécies com a Petrobras (UTGCA) | F31: Clarice | G31: =IF($A31="","",_xlfn.TEXTJOIN("; ",TRUE,IF(COUNTIF('Clarice'!$B$6:$B$300,$A31)>0,"Clarice",""),IF(COUNTIF('Luisa'!$B$6:$B$300,$A31)>0,"Luisa",""),IF(COUNTIF('Lui'!$B$6:$B$300,$A31)>0,"Lui",""),IF(COUNTIF('Thaís'!$B$6:$B$300,$A31)>0,"Thaís",""),IF(COUNTIF('Daniel'!$B$6:$B$300,$A31)>0,"Daniel",""),IF(COUNTIF('Fernando'!$B$6:$B$300,$A31)>0,"Fernando",""),IF(COUNTIF('Stephanie'!$B$6:$B$300,$A31)>0,"Stephanie",""),IF(COUNTIF('Fox'!$B$6:$B$300,$A31)>0,"Fox",""),IF(COUNTIF('Bruna'!$B$6:$B$300,$A31)>0,"Bruna",""),IF(COUNTIF('Stella'!$B$6:$B$300,$A31)>0,"Stella",""),IF(COUNTIF('Igor'!$B$6:$B$300,$A31)>0,"Igor",""))) | I31: Concluído | J31: =IF(OR($A31="",(COUNTIF('Clarice'!$B$6:$B$300,$A31)+COUNTIF('Luisa'!$B$6:$B$300,$A31)+COUNTIF('Lui'!$B$6:$B$300,$A31)+COUNTIF('Thaís'!$B$6:$B$300,$A31)+COUNTIF('Daniel'!$B$6:$B$300,$A31)+COUNTIF('Fernando'!$B$6:$B$300,$A31)+COUNTIF('Stephanie'!$B$6:$B$300,$A31)+COUNTIF('Fox'!$B$6:$B$300,$A31)+COUNTIF('Bruna'!$B$6:$B$300,$A31)+COUNTIF('Stella'!$B$6:$B$300,$A31)+COUNTIF('Igor'!$B$6:$B$300,$A31))=0),"",(COUNTIFS('Clarice'!$B$6:$B$300,$A31,'Clarice'!$F$6:$F$300,"Concluído")+COUNTIFS('Luisa'!$B$6:$B$300,$A31,'Luisa'!$F$6:$F$300,"Concluído")+COUNTIFS('Lui'!$B$6:$B$300,$A31,'Lui'!$F$6:$F$300,"Concluído")+COUNTIFS('Thaís'!$B$6:$B$300,$A31,'Thaís'!$F$6:$F$300,"Concluído")+COUNTIFS('Daniel'!$B$6:$B$300,$A31,'Daniel'!$F$6:$F$300,"Concluído")+COUNTIFS('Fernando'!$B$6:$B$300,$A31,'Fernando'!$F$6:$F$300,"Concluído")+COUNTIFS('Stephanie'!$B$6:$B$300,$A31,'Stephanie'!$F$6:$F$300,"Concluído")+COUNTIFS('Fox'!$B$6:$B$300,$A31,'Fox'!$F$6:$F$300,"Concluído")+COUNTIFS('Bruna'!$B$6:$B$300,$A31,'Bruna'!$F$6:$F$300,"Concluído")+COUNTIFS('Stella'!$B$6:$B$300,$A31,'Stella'!$F$6:$F$300,"Concluído")+COUNTIFS('Igor'!$B$6:$B$300,$A31,'Igor'!$F$6:$F$300,"Concluído"))&" / "&(COUNTIF('Clarice'!$B$6:$B$300,$A31)+COUNTIF('Luisa'!$B$6:$B$300,$A31)+COUNTIF('Lui'!$B$6:$B$300,$A31)+COUNTIF('Thaís'!$B$6:$B$300,$A31)+COUNTIF('Daniel'!$B$6:$B$300,$A31)+COUNTIF('Fernando'!$B$6:$B$300,$A31)+COUNTIF('Stephanie'!$B$6:$B$300,$A31)+COUNTIF('Fox'!$B$6:$B$300,$A31)+COUNTIF('Bruna'!$B$6:$B$300,$A31)+COUNTIF('Stella'!$B$6:$B$300,$A31)+COUNTIF('Igor'!$B$6:$B$300,$A31))) | P31: =IF($A31="","",IF(M31<>"",M31,IF(K31<>"",K31,""))) | Q31: =IF($A31="","",IF(N31<>"",N31,IF(L31<>"",L31,""))) | S31: {=IF($A31="","",_xlfn.TEXTJOIN(CHAR(10),TRUE,IF('Clarice'!$B$6:$B$300=$A31,"Clarice"&IF('Clarice'!$E$6:$E$300="",""," : "&'Clarice'!$E$6:$E$300)&" ["&'Clarice'!$F$6:$F$300&"]",""),IF('Luisa'!$B$6:$B$300=$A31,"Luisa"&IF('Luisa'!$E$6:$E$300="",""," : "&'Luisa'!$E$6:$E$300)&" ["&'Luisa'!$F$6:$F$300&"]",""),IF('Lui'!$B$6:$B$300=$A31,"Lui"&IF('Lui'!$E$6:$E$300="",""," : "&'Lui'!$E$6:$E$300)&" ["&'Lui'!$F$6:$F$300&"]",""),IF('Thaís'!$B$6:$B$300=$A31,"Thaís"&IF('Thaís'!$E$6:$E$300="",""," : "&'Thaís'!$E$6:$E$300)&" ["&'Thaís'!$F$6:$F$300&"]",""),IF('Daniel'!$B$6:$B$300=$A31,"Daniel"&IF('Daniel'!$E$6:$E$300="",""," : "&'Daniel'!$E$6:$E$300)&" ["&'Daniel'!$F$6:$F$300&"]",""),IF('Fernando'!$B$6:$B$300=$A31,"Fernando"&IF('Fernando'!$E$6:$E$300="",""," : "&'Fernando'!$E$6:$E$300)&" ["&'Fernando'!$F$6:$F$300&"]",""),IF('Stephanie'!$B$6:$B$300=$A31,"Stephanie"&IF('Stephanie'!$E$6:$E$300="",""," : "&'Stephanie'!$E$6:$E$300)&" ["&'Stephanie'!$F$6:$F$300&"]",""),IF('Fox'!$B$6:$B$300=$A31,"Fox"&IF('Fox'!$E$6:$E$300="",""," : "&'Fox'!$E$6:$E$300)&" ["&'Fox'!$F$6:$F$300&"]",""),IF('Bruna'!$B$6:$B$300=$A31,"Bruna"&IF('Bruna'!$E$6:$E$300="",""," : "&'Bruna'!$E$6:$E$300)&" ["&'Bruna'!$F$6:$F$300&"]",""),IF('Stella'!$B$6:$B$300=$A31,"Stella"&IF('Stella'!$E$6:$E$300="",""," : "&'Stella'!$E$6:$E$300)&" ["&'Stella'!$F$6:$F$300&"]",""),IF('Igor'!$B$6:$B$300=$A31,"Igor"&IF('Igor'!$E$6:$E$300="",""," : "&'Igor'!$E$6:$E$300)&" ["&'Igor'!$F$6:$F$300&"]","")))}
A32: EC-004 | B32: Etapa 2: Construção das métricas | Atividade 7: Operacionalização das métricas | Atividade 8: Aplicação das métricas | C32: 2. Aplicação da EC | D32: 2.1 UTGCA | E32: Procurar os dados das espécies na literatura (UTGCA) | F32: Clarice | G32: =IF($A32="","",_xlfn.TEXTJOIN("; ",TRUE,IF(COUNTIF('Clarice'!$B$6:$B$300,$A32)>0,"Clarice",""),IF(COUNTIF('Luisa'!$B$6:$B$300,$A32)>0,"Luisa",""),IF(COUNTIF('Lui'!$B$6:$B$300,$A32)>0,"Lui",""),IF(COUNTIF('Thaís'!$B$6:$B$300,$A32)>0,"Thaís",""),IF(COUNTIF('Daniel'!$B$6:$B$300,$A32)>0,"Daniel",""),IF(COUNTIF('Fernando'!$B$6:$B$300,$A32)>0,"Fernando",""),IF(COUNTIF('Stephanie'!$B$6:$B$300,$A32)>0,"Stephanie",""),IF(COUNTIF('Fox'!$B$6:$B$300,$A32)>0,"Fox",""),IF(COUNTIF('Bruna'!$B$6:$B$300,$A32)>0,"Bruna",""),IF(COUNTIF('Stella'!$B$6:$B$300,$A32)>0,"Stella",""),IF(COUNTIF('Igor'!$B$6:$B$300,$A32)>0,"Igor",""))) | I32: Concluído | J32: =IF(OR($A32="",(COUNTIF('Clarice'!$B$6:$B$300,$A32)+COUNTIF('Luisa'!$B$6:$B$300,$A32)+COUNTIF('Lui'!$B$6:$B$300,$A32)+COUNTIF('Thaís'!$B$6:$B$300,$A32)+COUNTIF('Daniel'!$B$6:$B$300,$A32)+COUNTIF('Fernando'!$B$6:$B$300,$A32)+COUNTIF('Stephanie'!$B$6:$B$300,$A32)+COUNTIF('Fox'!$B$6:$B$300,$A32)+COUNTIF('Bruna'!$B$6:$B$300,$A32)+COUNTIF('Stella'!$B$6:$B$300,$A32)+COUNTIF('Igor'!$B$6:$B$300,$A32))=0),"",(COUNTIFS('Clarice'!$B$6:$B$300,$A32,'Clarice'!$F$6:$F$300,"Concluído")+COUNTIFS('Luisa'!$B$6:$B$300,$A32,'Luisa'!$F$6:$F$300,"Concluído")+COUNTIFS('Lui'!$B$6:$B$300,$A32,'Lui'!$F$6:$F$300,"Concluído")+COUNTIFS('Thaís'!$B$6:$B$300,$A32,'Thaís'!$F$6:$F$300,"Concluído")+COUNTIFS('Daniel'!$B$6:$B$300,$A32,'Daniel'!$F$6:$F$300,"Concluído")+COUNTIFS('Fernando'!$B$6:$B$300,$A32,'Fernando'!$F$6:$F$300,"Concluído")+COUNTIFS('Stephanie'!$B$6:$B$300,$A32,'Stephanie'!$F$6:$F$300,"Concluído")+COUNTIFS('Fox'!$B$6:$B$300,$A32,'Fox'!$F$6:$F$300,"Concluído")+COUNTIFS('Bruna'!$B$6:$B$300,$A32,'Bruna'!$F$6:$F$300,"Concluído")+COUNTIFS('Stella'!$B$6:$B$300,$A32,'Stella'!$F$6:$F$300,"Concluído")+COUNTIFS('Igor'!$B$6:$B$300,$A32,'Igor'!$F$6:$F$300,"Concluído"))&" / "&(COUNTIF('Clarice'!$B$6:$B$300,$A32)+COUNTIF('Luisa'!$B$6:$B$300,$A32)+COUNTIF('Lui'!$B$6:$B$300,$A32)+COUNTIF('Thaís'!$B$6:$B$300,$A32)+COUNTIF('Daniel'!$B$6:$B$300,$A32)+COUNTIF('Fernando'!$B$6:$B$300,$A32)+COUNTIF('Stephanie'!$B$6:$B$300,$A32)+COUNTIF('Fox'!$B$6:$B$300,$A32)+COUNTIF('Bruna'!$B$6:$B$300,$A32)+COUNTIF('Stella'!$B$6:$B$300,$A32)+COUNTIF('Igor'!$B$6:$B$300,$A32))) | P32: =IF($A32="","",IF(M32<>"",M32,IF(K32<>"",K32,""))) | Q32: =IF($A32="","",IF(N32<>"",N32,IF(L32<>"",L32,""))) | S32: {=IF($A32="","",_xlfn.TEXTJOIN(CHAR(10),TRUE,IF('Clarice'!$B$6:$B$300=$A32,"Clarice"&IF('Clarice'!$E$6:$E$300="",""," : "&'Clarice'!$E$6:$E$300)&" ["&'Clarice'!$F$6:$F$300&"]",""),IF('Luisa'!$B$6:$B$300=$A32,"Luisa"&IF('Luisa'!$E$6:$E$300="",""," : "&'Luisa'!$E$6:$E$300)&" ["&'Luisa'!$F$6:$F$300&"]",""),IF('Lui'!$B$6:$B$300=$A32,"Lui"&IF('Lui'!$E$6:$E$300="",""," : "&'Lui'!$E$6:$E$300)&" ["&'Lui'!$F$6:$F$300&"]",""),IF('Thaís'!$B$6:$B$300=$A32,"Thaís"&IF('Thaís'!$E$6:$E$300="",""," : "&'Thaís'!$E$6:$E$300)&" ["&'Thaís'!$F$6:$F$300&"]",""),IF('Daniel'!$B$6:$B$300=$A32,"Daniel"&IF('Daniel'!$E$6:$E$300="",""," : "&'Daniel'!$E$6:$E$300)&" ["&'Daniel'!$F$6:$F$300&"]",""),IF('Fernando'!$B$6:$B$300=$A32,"Fernando"&IF('Fernando'!$E$6:$E$300="",""," : "&'Fernando'!$E$6:$E$300)&" ["&'Fernando'!$F$6:$F$300&"]",""),IF('Stephanie'!$B$6:$B$300=$A32,"Stephanie"&IF('Stephanie'!$E$6:$E$300="",""," : "&'Stephanie'!$E$6:$E$300)&" ["&'Stephanie'!$F$6:$F$300&"]",""),IF('Fox'!$B$6:$B$300=$A32,"Fox"&IF('Fox'!$E$6:$E$300="",""," : "&'Fox'!$E$6:$E$300)&" ["&'Fox'!$F$6:$F$300&"]",""),IF('Bruna'!$B$6:$B$300=$A32,"Bruna"&IF('Bruna'!$E$6:$E$300="",""," : "&'Bruna'!$E$6:$E$300)&" ["&'Bruna'!$F$6:$F$300&"]",""),IF('Stella'!$B$6:$B$300=$A32,"Stella"&IF('Stella'!$E$6:$E$300="",""," : "&'Stella'!$E$6:$E$300)&" ["&'Stella'!$F$6:$F$300&"]",""),IF('Igor'!$B$6:$B$300=$A32,"Igor"&IF('Igor'!$E$6:$E$300="",""," : "&'Igor'!$E$6:$E$300)&" ["&'Igor'!$F$6:$F$300&"]","")))}
A33: EC-005 | B33: Etapa 2: Construção das métricas | Atividade 7: Operacionalização das métricas | Atividade 8: Aplicação das métricas | C33: 2. Aplicação da EC | D33: 2.1 UTGCA | E33: Definir os buffers e as áreas de estudo (UTGCA) | F33: Clarice | G33: =IF($A33="","",_xlfn.TEXTJOIN("; ",TRUE,IF(COUNTIF('Clarice'!$B$6:$B$300,$A33)>0,"Clarice",""),IF(COUNTIF('Luisa'!$B$6:$B$300,$A33)>0,"Luisa",""),IF(COUNTIF('Lui'!$B$6:$B$300,$A33)>0,"Lui",""),IF(COUNTIF('Thaís'!$B$6:$B$300,$A33)>0,"Thaís",""),IF(COUNTIF('Daniel'!$B$6:$B$300,$A33)>0,"Daniel",""),IF(COUNTIF('Fernando'!$B$6:$B$300,$A33)>0,"Fernando",""),IF(COUNTIF('Stephanie'!$B$6:$B$300,$A33)>0,"Stephanie",""),IF(COUNTIF('Fox'!$B$6:$B$300,$A33)>0,"Fox",""),IF(COUNTIF('Bruna'!$B$6:$B$300,$A33)>0,"Bruna",""),IF(COUNTIF('Stella'!$B$6:$B$300,$A33)>0,"Stella",""),IF(COUNTIF('Igor'!$B$6:$B$300,$A33)>0,"Igor",""))) | I33: Concluído | J33: =IF(OR($A33="",(COUNTIF('Clarice'!$B$6:$B$300,$A33)+COUNTIF('Luisa'!$B$6:$B$300,$A33)+COUNTIF('Lui'!$B$6:$B$300,$A33)+COUNTIF('Thaís'!$B$6:$B$300,$A33)+COUNTIF('Daniel'!$B$6:$B$300,$A33)+COUNTIF('Fernando'!$B$6:$B$300,$A33)+COUNTIF('Stephanie'!$B$6:$B$300,$A33)+COUNTIF('Fox'!$B$6:$B$300,$A33)+COUNTIF('Bruna'!$B$6:$B$300,$A33)+COUNTIF('Stella'!$B$6:$B$300,$A33)+COUNTIF('Igor'!$B$6:$B$300,$A33))=0),"",(COUNTIFS('Clarice'!$B$6:$B$300,$A33,'Clarice'!$F$6:$F$300,"Concluído")+COUNTIFS('Luisa'!$B$6:$B$300,$A33,'Luisa'!$F$6:$F$300,"Concluído")+COUNTIFS('Lui'!$B$6:$B$300,$A33,'Lui'!$F$6:$F$300,"Concluído")+COUNTIFS('Thaís'!$B$6:$B$300,$A33,'Thaís'!$F$6:$F$300,"Concluído")+COUNTIFS('Daniel'!$B$6:$B$300,$A33,'Daniel'!$F$6:$F$300,"Concluído")+COUNTIFS('Fernando'!$B$6:$B$300,$A33,'Fernando'!$F$6:$F$300,"Concluído")+COUNTIFS('Stephanie'!$B$6:$B$300,$A33,'Stephanie'!$F$6:$F$300,"Concluído")+COUNTIFS('Fox'!$B$6:$B$300,$A33,'Fox'!$F$6:$F$300,"Concluído")+COUNTIFS('Bruna'!$B$6:$B$300,$A33,'Bruna'!$F$6:$F$300,"Concluído")+COUNTIFS('Stella'!$B$6:$B$300,$A33,'Stella'!$F$6:$F$300,"Concluído")+COUNTIFS('Igor'!$B$6:$B$300,$A33,'Igor'!$F$6:$F$300,"Concluído"))&" / "&(COUNTIF('Clarice'!$B$6:$B$300,$A33)+COUNTIF('Luisa'!$B$6:$B$300,$A33)+COUNTIF('Lui'!$B$6:$B$300,$A33)+COUNTIF('Thaís'!$B$6:$B$300,$A33)+COUNTIF('Daniel'!$B$6:$B$300,$A33)+COUNTIF('Fernando'!$B$6:$B$300,$A33)+COUNTIF('Stephanie'!$B$6:$B$300,$A33)+COUNTIF('Fox'!$B$6:$B$300,$A33)+COUNTIF('Bruna'!$B$6:$B$300,$A33)+COUNTIF('Stella'!$B$6:$B$300,$A33)+COUNTIF('Igor'!$B$6:$B$300,$A33))) | P33: =IF($A33="","",IF(M33<>"",M33,IF(K33<>"",K33,""))) | Q33: =IF($A33="","",IF(N33<>"",N33,IF(L33<>"",L33,""))) | S33: {=IF($A33="","",_xlfn.TEXTJOIN(CHAR(10),TRUE,IF('Clarice'!$B$6:$B$300=$A33,"Clarice"&IF('Clarice'!$E$6:$E$300="",""," : "&'Clarice'!$E$6:$E$300)&" ["&'Clarice'!$F$6:$F$300&"]",""),IF('Luisa'!$B$6:$B$300=$A33,"Luisa"&IF('Luisa'!$E$6:$E$300="",""," : "&'Luisa'!$E$6:$E$300)&" ["&'Luisa'!$F$6:$F$300&"]",""),IF('Lui'!$B$6:$B$300=$A33,"Lui"&IF('Lui'!$E$6:$E$300="",""," : "&'Lui'!$E$6:$E$300)&" ["&'Lui'!$F$6:$F$300&"]",""),IF('Thaís'!$B$6:$B$300=$A33,"Thaís"&IF('Thaís'!$E$6:$E$300="",""," : "&'Thaís'!$E$6:$E$300)&" ["&'Thaís'!$F$6:$F$300&"]",""),IF('Daniel'!$B$6:$B$300=$A33,"Daniel"&IF('Daniel'!$E$6:$E$300="",""," : "&'Daniel'!$E$6:$E$300)&" ["&'Daniel'!$F$6:$F$300&"]",""),IF('Fernando'!$B$6:$B$300=$A33,"Fernando"&IF('Fernando'!$E$6:$E$300="",""," : "&'Fernando'!$E$6:$E$300)&" ["&'Fernando'!$F$6:$F$300&"]",""),IF('Stephanie'!$B$6:$B$300=$A33,"Stephanie"&IF('Stephanie'!$E$6:$E$300="",""," : "&'Stephanie'!$E$6:$E$300)&" ["&'Stephanie'!$F$6:$F$300&"]",""),IF('Fox'!$B$6:$B$300=$A33,"Fox"&IF('Fox'!$E$6:$E$300="",""," : "&'Fox'!$E$6:$E$300)&" ["&'Fox'!$F$6:$F$300&"]",""),IF('Bruna'!$B$6:$B$300=$A33,"Bruna"&IF('Bruna'!$E$6:$E$300="",""," : "&'Bruna'!$E$6:$E$300)&" ["&'Bruna'!$F$6:$F$300&"]",""),IF('Stella'!$B$6:$B$300=$A33,"Stella"&IF('Stella'!$E$6:$E$300="",""," : "&'Stella'!$E$6:$E$300)&" ["&'Stella'!$F$6:$F$300&"]",""),IF('Igor'!$B$6:$B$300=$A33,"Igor"&IF('Igor'!$E$6:$E$300="",""," : "&'Igor'!$E$6:$E$300)&" ["&'Igor'!$F$6:$F$300&"]","")))}
A34: EC-006 | B34: Etapa 2: Construção das métricas | Atividade 7: Operacionalização das métricas | Atividade 8: Aplicação das métricas | C34: 2. Aplicação da EC | D34: 2.1 UTGCA | E34: Definir os rasters de uso da terra e shapes de fragmentos para os cenários avaliados (UTGCA) | F34: Clarice | G34: =IF($A34="","",_xlfn.TEXTJOIN("; ",TRUE,IF(COUNTIF('Clarice'!$B$6:$B$300,$A34)>0,"Clarice",""),IF(COUNTIF('Luisa'!$B$6:$B$300,$A34)>0,"Luisa",""),IF(COUNTIF('Lui'!$B$6:$B$300,$A34)>0,"Lui",""),IF(COUNTIF('Thaís'!$B$6:$B$300,$A34)>0,"Thaís",""),IF(COUNTIF('Daniel'!$B$6:$B$300,$A34)>0,"Daniel",""),IF(COUNTIF('Fernando'!$B$6:$B$300,$A34)>0,"Fernando",""),IF(COUNTIF('Stephanie'!$B$6:$B$300,$A34)>0,"Stephanie",""),IF(COUNTIF('Fox'!$B$6:$B$300,$A34)>0,"Fox",""),IF(COUNTIF('Bruna'!$B$6:$B$300,$A34)>0,"Bruna",""),IF(COUNTIF('Stella'!$B$6:$B$300,$A34)>0,"Stella",""),IF(COUNTIF('Igor'!$B$6:$B$300,$A34)>0,"Igor",""))) | I34: Concluído | J34: =IF(OR($A34="",(COUNTIF('Clarice'!$B$6:$B$300,$A34)+COUNTIF('Luisa'!$B$6:$B$300,$A34)+COUNTIF('Lui'!$B$6:$B$300,$A34)+COUNTIF('Thaís'!$B$6:$B$300,$A34)+COUNTIF('Daniel'!$B$6:$B$300,$A34)+COUNTIF('Fernando'!$B$6:$B$300,$A34)+COUNTIF('Stephanie'!$B$6:$B$300,$A34)+COUNTIF('Fox'!$B$6:$B$300,$A34)+COUNTIF('Bruna'!$B$6:$B$300,$A34)+COUNTIF('Stella'!$B$6:$B$300,$A34)+COUNTIF('Igor'!$B$6:$B$300,$A34))=0),"",(COUNTIFS('Clarice'!$B$6:$B$300,$A34,'Clarice'!$F$6:$F$300,"Concluído")+COUNTIFS('Luisa'!$B$6:$B$300,$A34,'Luisa'!$F$6:$F$300,"Concluído")+COUNTIFS('Lui'!$B$6:$B$300,$A34,'Lui'!$F$6:$F$300,"Concluído")+COUNTIFS('Thaís'!$B$6:$B$300,$A34,'Thaís'!$F$6:$F$300,"Concluído")+COUNTIFS('Daniel'!$B$6:$B$300,$A34,'Daniel'!$F$6:$F$300,"Concluído")+COUNTIFS('Fernando'!$B$6:$B$300,$A34,'Fernando'!$F$6:$F$300,"Concluído")+COUNTIFS('Stephanie'!$B$6:$B$300,$A34,'Stephanie'!$F$6:$F$300,"Concluído")+COUNTIFS('Fox'!$B$6:$B$300,$A34,'Fox'!$F$6:$F$300,"Concluído")+COUNTIFS('Bruna'!$B$6:$B$300,$A34,'Bruna'!$F$6:$F$300,"Concluído")+COUNTIFS('Stella'!$B$6:$B$300,$A34,'Stella'!$F$6:$F$300,"Concluído")+COUNTIFS('Igor'!$B$6:$B$300,$A34,'Igor'!$F$6:$F$300,"Concluído"))&" / "&(COUNTIF('Clarice'!$B$6:$B$300,$A34)+COUNTIF('Luisa'!$B$6:$B$300,$A34)+COUNTIF('Lui'!$B$6:$B$300,$A34)+COUNTIF('Thaís'!$B$6:$B$300,$A34)+COUNTIF('Daniel'!$B$6:$B$300,$A34)+COUNTIF('Fernando'!$B$6:$B$300,$A34)+COUNTIF('Stephanie'!$B$6:$B$300,$A34)+COUNTIF('Fox'!$B$6:$B$300,$A34)+COUNTIF('Bruna'!$B$6:$B$300,$A34)+COUNTIF('Stella'!$B$6:$B$300,$A34)+COUNTIF('Igor'!$B$6:$B$300,$A34))) | P34: =IF($A34="","",IF(M34<>"",M34,IF(K34<>"",K34,""))) | Q34: =IF($A34="","",IF(N34<>"",N34,IF(L34<>"",L34,""))) | S34: {=IF($A34="","",_xlfn.TEXTJOIN(CHAR(10),TRUE,IF('Clarice'!$B$6:$B$300=$A34,"Clarice"&IF('Clarice'!$E$6:$E$300="",""," : "&'Clarice'!$E$6:$E$300)&" ["&'Clarice'!$F$6:$F$300&"]",""),IF('Luisa'!$B$6:$B$300=$A34,"Luisa"&IF('Luisa'!$E$6:$E$300="",""," : "&'Luisa'!$E$6:$E$300)&" ["&'Luisa'!$F$6:$F$300&"]",""),IF('Lui'!$B$6:$B$300=$A34,"Lui"&IF('Lui'!$E$6:$E$300="",""," : "&'Lui'!$E$6:$E$300)&" ["&'Lui'!$F$6:$F$300&"]",""),IF('Thaís'!$B$6:$B$300=$A34,"Thaís"&IF('Thaís'!$E$6:$E$300="",""," : "&'Thaís'!$E$6:$E$300)&" ["&'Thaís'!$F$6:$F$300&"]",""),IF('Daniel'!$B$6:$B$300=$A34,"Daniel"&IF('Daniel'!$E$6:$E$300="",""," : "&'Daniel'!$E$6:$E$300)&" ["&'Daniel'!$F$6:$F$300&"]",""),IF('Fernando'!$B$6:$B$300=$A34,"Fernando"&IF('Fernando'!$E$6:$E$300="",""," : "&'Fernando'!$E$6:$E$300)&" ["&'Fernando'!$F$6:$F$300&"]",""),IF('Stephanie'!$B$6:$B$300=$A34,"Stephanie"&IF('Stephanie'!$E$6:$E$300="",""," : "&'Stephanie'!$E$6:$E$300)&" ["&'Stephanie'!$F$6:$F$300&"]",""),IF('Fox'!$B$6:$B$300=$A34,"Fox"&IF('Fox'!$E$6:$E$300="",""," : "&'Fox'!$E$6:$E$300)&" ["&'Fox'!$F$6:$F$300&"]",""),IF('Bruna'!$B$6:$B$300=$A34,"Bruna"&IF('Bruna'!$E$6:$E$300="",""," : "&'Bruna'!$E$6:$E$300)&" ["&'Bruna'!$F$6:$F$300&"]",""),IF('Stella'!$B$6:$B$300=$A34,"Stella"&IF('Stella'!$E$6:$E$300="",""," : "&'Stella'!$E$6:$E$300)&" ["&'Stella'!$F$6:$F$300&"]",""),IF('Igor'!$B$6:$B$300=$A34,"Igor"&IF('Igor'!$E$6:$E$300="",""," : "&'Igor'!$E$6:$E$300)&" ["&'Igor'!$F$6:$F$300&"]","")))}
A35: EC-007 | B35: Etapa 2: Construção das métricas | Atividade 7: Operacionalização das métricas | Atividade 8: Aplicação das métricas | C35: 2. Aplicação da EC | D35: 2.1 UTGCA | E35: Rodar as análises no R (UTGCA) | F35: Clarice | G35: =IF($A35="","",_xlfn.TEXTJOIN("; ",TRUE,IF(COUNTIF('Clarice'!$B$6:$B$300,$A35)>0,"Clarice",""),IF(COUNTIF('Luisa'!$B$6:$B$300,$A35)>0,"Luisa",""),IF(COUNTIF('Lui'!$B$6:$B$300,$A35)>0,"Lui",""),IF(COUNTIF('Thaís'!$B$6:$B$300,$A35)>0,"Thaís",""),IF(COUNTIF('Daniel'!$B$6:$B$300,$A35)>0,"Daniel",""),IF(COUNTIF('Fernando'!$B$6:$B$300,$A35)>0,"Fernando",""),IF(COUNTIF('Stephanie'!$B$6:$B$300,$A35)>0,"Stephanie",""),IF(COUNTIF('Fox'!$B$6:$B$300,$A35)>0,"Fox",""),IF(COUNTIF('Bruna'!$B$6:$B$300,$A35)>0,"Bruna",""),IF(COUNTIF('Stella'!$B$6:$B$300,$A35)>0,"Stella",""),IF(COUNTIF('Igor'!$B$6:$B$300,$A35)>0,"Igor",""))) | I35: Concluído | J35: =IF(OR($A35="",(COUNTIF('Clarice'!$B$6:$B$300,$A35)+COUNTIF('Luisa'!$B$6:$B$300,$A35)+COUNTIF('Lui'!$B$6:$B$300,$A35)+COUNTIF('Thaís'!$B$6:$B$300,$A35)+COUNTIF('Daniel'!$B$6:$B$300,$A35)+COUNTIF('Fernando'!$B$6:$B$300,$A35)+COUNTIF('Stephanie'!$B$6:$B$300,$A35)+COUNTIF('Fox'!$B$6:$B$300,$A35)+COUNTIF('Bruna'!$B$6:$B$300,$A35)+COUNTIF('Stella'!$B$6:$B$300,$A35)+COUNTIF('Igor'!$B$6:$B$300,$A35))=0),"",(COUNTIFS('Clarice'!$B$6:$B$300,$A35,'Clarice'!$F$6:$F$300,"Concluído")+COUNTIFS('Luisa'!$B$6:$B$300,$A35,'Luisa'!$F$6:$F$300,"Concluído")+COUNTIFS('Lui'!$B$6:$B$300,$A35,'Lui'!$F$6:$F$300,"Concluído")+COUNTIFS('Thaís'!$B$6:$B$300,$A35,'Thaís'!$F$6:$F$300,"Concluído")+COUNTIFS('Daniel'!$B$6:$B$300,$A35,'Daniel'!$F$6:$F$300,"Concluído")+COUNTIFS('Fernando'!$B$6:$B$300,$A35,'Fernando'!$F$6:$F$300,"Concluído")+COUNTIFS('Stephanie'!$B$6:$B$300,$A35,'Stephanie'!$F$6:$F$300,"Concluído")+COUNTIFS('Fox'!$B$6:$B$300,$A35,'Fox'!$F$6:$F$300,"Concluído")+COUNTIFS('Bruna'!$B$6:$B$300,$A35,'Bruna'!$F$6:$F$300,"Concluído")+COUNTIFS('Stella'!$B$6:$B$300,$A35,'Stella'!$F$6:$F$300,"Concluído")+COUNTIFS('Igor'!$B$6:$B$300,$A35,'Igor'!$F$6:$F$300,"Concluído"))&" / "&(COUNTIF('Clarice'!$B$6:$B$300,$A35)+COUNTIF('Luisa'!$B$6:$B$300,$A35)+COUNTIF('Lui'!$B$6:$B$300,$A35)+COUNTIF('Thaís'!$B$6:$B$300,$A35)+COUNTIF('Daniel'!$B$6:$B$300,$A35)+COUNTIF('Fernando'!$B$6:$B$300,$A35)+COUNTIF('Stephanie'!$B$6:$B$300,$A35)+COUNTIF('Fox'!$B$6:$B$300,$A35)+COUNTIF('Bruna'!$B$6:$B$300,$A35)+COUNTIF('Stella'!$B$6:$B$300,$A35)+COUNTIF('Igor'!$B$6:$B$300,$A35))) | K35: 46097 | L35: 46114 | M35: 46097 | N35: 46157 | P35: =IF($A35="","",IF(M35<>"",M35,IF(K35<>"",K35,""))) | Q35: =IF($A35="","",IF(N35<>"",N35,IF(L35<>"",L35,""))) | S35: {=IF($A35="","",_xlfn.TEXTJOIN(CHAR(10),TRUE,IF('Clarice'!$B$6:$B$300=$A35,"Clarice"&IF('Clarice'!$E$6:$E$300="",""," : "&'Clarice'!$E$6:$E$300)&" ["&'Clarice'!$F$6:$F$300&"]",""),IF('Luisa'!$B$6:$B$300=$A35,"Luisa"&IF('Luisa'!$E$6:$E$300="",""," : "&'Luisa'!$E$6:$E$300)&" ["&'Luisa'!$F$6:$F$300&"]",""),IF('Lui'!$B$6:$B$300=$A35,"Lui"&IF('Lui'!$E$6:$E$300="",""," : "&'Lui'!$E$6:$E$300)&" ["&'Lui'!$F$6:$F$300&"]",""),IF('Thaís'!$B$6:$B$300=$A35,"Thaís"&IF('Thaís'!$E$6:$E$300="",""," : "&'Thaís'!$E$6:$E$300)&" ["&'Thaís'!$F$6:$F$300&"]",""),IF('Daniel'!$B$6:$B$300=$A35,"Daniel"&IF('Daniel'!$E$6:$E$300="",""," : "&'Daniel'!$E$6:$E$300)&" ["&'Daniel'!$F$6:$F$300&"]",""),IF('Fernando'!$B$6:$B$300=$A35,"Fernando"&IF('Fernando'!$E$6:$E$300="",""," : "&'Fernando'!$E$6:$E$300)&" ["&'Fernando'!$F$6:$F$300&"]",""),IF('Stephanie'!$B$6:$B$300=$A35,"Stephanie"&IF('Stephanie'!$E$6:$E$300="",""," : "&'Stephanie'!$E$6:$E$300)&" ["&'Stephanie'!$F$6:$F$300&"]",""),IF('Fox'!$B$6:$B$300=$A35,"Fox"&IF('Fox'!$E$6:$E$300="",""," : "&'Fox'!$E$6:$E$300)&" ["&'Fox'!$F$6:$F$300&"]",""),IF('Bruna'!$B$6:$B$300=$A35,"Bruna"&IF('Bruna'!$E$6:$E$300="",""," : "&'Bruna'!$E$6:$E$300)&" ["&'Bruna'!$F$6:$F$300&"]",""),IF('Stella'!$B$6:$B$300=$A35,"Stella"&IF('Stella'!$E$6:$E$300="",""," : "&'Stella'!$E$6:$E$300)&" ["&'Stella'!$F$6:$F$300&"]",""),IF('Igor'!$B$6:$B$300=$A35,"Igor"&IF('Igor'!$E$6:$E$300="",""," : "&'Igor'!$E$6:$E$300)&" ["&'Igor'!$F$6:$F$300&"]","")))}
A36: EC-008 | B36: Etapa 2: Construção das métricas | Atividade 7: Operacionalização das métricas | Atividade 8: Aplicação das métricas | C36: 2. Aplicação da EC | D36: 2.1 UTGCA | E36: Apresentar e consolidar os resultados internamente (UTGCA) | F36: Clarice | G36: =IF($A36="","",_xlfn.TEXTJOIN("; ",TRUE,IF(COUNTIF('Clarice'!$B$6:$B$300,$A36)>0,"Clarice",""),IF(COUNTIF('Luisa'!$B$6:$B$300,$A36)>0,"Luisa",""),IF(COUNTIF('Lui'!$B$6:$B$300,$A36)>0,"Lui",""),IF(COUNTIF('Thaís'!$B$6:$B$300,$A36)>0,"Thaís",""),IF(COUNTIF('Daniel'!$B$6:$B$300,$A36)>0,"Daniel",""),IF(COUNTIF('Fernando'!$B$6:$B$300,$A36)>0,"Fernando",""),IF(COUNTIF('Stephanie'!$B$6:$B$300,$A36)>0,"Stephanie",""),IF(COUNTIF('Fox'!$B$6:$B$300,$A36)>0,"Fox",""),IF(COUNTIF('Bruna'!$B$6:$B$300,$A36)>0,"Bruna",""),IF(COUNTIF('Stella'!$B$6:$B$300,$A36)>0,"Stella",""),IF(COUNTIF('Igor'!$B$6:$B$300,$A36)>0,"Igor",""))) | I36: Concluído | J36: =IF(OR($A36="",(COUNTIF('Clarice'!$B$6:$B$300,$A36)+COUNTIF('Luisa'!$B$6:$B$300,$A36)+COUNTIF('Lui'!$B$6:$B$300,$A36)+COUNTIF('Thaís'!$B$6:$B$300,$A36)+COUNTIF('Daniel'!$B$6:$B$300,$A36)+COUNTIF('Fernando'!$B$6:$B$300,$A36)+COUNTIF('Stephanie'!$B$6:$B$300,$A36)+COUNTIF('Fox'!$B$6:$B$300,$A36)+COUNTIF('Bruna'!$B$6:$B$300,$A36)+COUNTIF('Stella'!$B$6:$B$300,$A36)+COUNTIF('Igor'!$B$6:$B$300,$A36))=0),"",(COUNTIFS('Clarice'!$B$6:$B$300,$A36,'Clarice'!$F$6:$F$300,"Concluído")+COUNTIFS('Luisa'!$B$6:$B$300,$A36,'Luisa'!$F$6:$F$300,"Concluído")+COUNTIFS('Lui'!$B$6:$B$300,$A36,'Lui'!$F$6:$F$300,"Concluído")+COUNTIFS('Thaís'!$B$6:$B$300,$A36,'Thaís'!$F$6:$F$300,"Concluído")+COUNTIFS('Daniel'!$B$6:$B$300,$A36,'Daniel'!$F$6:$F$300,"Concluído")+COUNTIFS('Fernando'!$B$6:$B$300,$A36,'Fernando'!$F$6:$F$300,"Concluído")+COUNTIFS('Stephanie'!$B$6:$B$300,$A36,'Stephanie'!$F$6:$F$300,"Concluído")+COUNTIFS('Fox'!$B$6:$B$300,$A36,'Fox'!$F$6:$F$300,"Concluído")+COUNTIFS('Bruna'!$B$6:$B$300,$A36,'Bruna'!$F$6:$F$300,"Concluído")+COUNTIFS('Stella'!$B$6:$B$300,$A36,'Stella'!$F$6:$F$300,"Concluído")+COUNTIFS('Igor'!$B$6:$B$300,$A36,'Igor'!$F$6:$F$300,"Concluído"))&" / "&(COUNTIF('Clarice'!$B$6:$B$300,$A36)+COUNTIF('Luisa'!$B$6:$B$300,$A36)+COUNTIF('Lui'!$B$6:$B$300,$A36)+COUNTIF('Thaís'!$B$6:$B$300,$A36)+COUNTIF('Daniel'!$B$6:$B$300,$A36)+COUNTIF('Fernando'!$B$6:$B$300,$A36)+COUNTIF('Stephanie'!$B$6:$B$300,$A36)+COUNTIF('Fox'!$B$6:$B$300,$A36)+COUNTIF('Bruna'!$B$6:$B$300,$A36)+COUNTIF('Stella'!$B$6:$B$300,$A36)+COUNTIF('Igor'!$B$6:$B$300,$A36))) | K36: 46113 | L36: 46129 | M36: 46113 | N36: 46157 | O36: 46157 | P36: =IF($A36="","",IF(M36<>"",M36,IF(K36<>"",K36,""))) | Q36: =IF($A36="","",IF(N36<>"",N36,IF(L36<>"",L36,""))) | S36: {=IF($A36="","",_xlfn.TEXTJOIN(CHAR(10),TRUE,IF('Clarice'!$B$6:$B$300=$A36,"Clarice"&IF('Clarice'!$E$6:$E$300="",""," : "&'Clarice'!$E$6:$E$300)&" ["&'Clarice'!$F$6:$F$300&"]",""),IF('Luisa'!$B$6:$B$300=$A36,"Luisa"&IF('Luisa'!$E$6:$E$300="",""," : "&'Luisa'!$E$6:$E$300)&" ["&'Luisa'!$F$6:$F$300&"]",""),IF('Lui'!$B$6:$B$300=$A36,"Lui"&IF('Lui'!$E$6:$E$300="",""," : "&'Lui'!$E$6:$E$300)&" ["&'Lui'!$F$6:$F$300&"]",""),IF('Thaís'!$B$6:$B$300=$A36,"Thaís"&IF('Thaís'!$E$6:$E$300="",""," : "&'Thaís'!$E$6:$E$300)&" ["&'Thaís'!$F$6:$F$300&"]",""),IF('Daniel'!$B$6:$B$300=$A36,"Daniel"&IF('Daniel'!$E$6:$E$300="",""," : "&'Daniel'!$E$6:$E$300)&" ["&'Daniel'!$F$6:$F$300&"]",""),IF('Fernando'!$B$6:$B$300=$A36,"Fernando"&IF('Fernando'!$E$6:$E$300="",""," : "&'Fernando'!$E$6:$E$300)&" ["&'Fernando'!$F$6:$F$300&"]",""),IF('Stephanie'!$B$6:$B$300=$A36,"Stephanie"&IF('Stephanie'!$E$6:$E$300="",""," : "&'Stephanie'!$E$6:$E$300)&" ["&'Stephanie'!$F$6:$F$300&"]",""),IF('Fox'!$B$6:$B$300=$A36,"Fox"&IF('Fox'!$E$6:$E$300="",""," : "&'Fox'!$E$6:$E$300)&" ["&'Fox'!$F$6:$F$300&"]",""),IF('Bruna'!$B$6:$B$300=$A36,"Bruna"&IF('Bruna'!$E$6:$E$300="",""," : "&'Bruna'!$E$6:$E$300)&" ["&'Bruna'!$F$6:$F$300&"]",""),IF('Stella'!$B$6:$B$300=$A36,"Stella"&IF('Stella'!$E$6:$E$300="",""," : "&'Stella'!$E$6:$E$300)&" ["&'Stella'!$F$6:$F$300&"]",""),IF('Igor'!$B$6:$B$300=$A36,"Igor"&IF('Igor'!$E$6:$E$300="",""," : "&'Igor'!$E$6:$E$300)&" ["&'Igor'!$F$6:$F$300&"]","")))}
A37: EC-009 | B37: Etapa 2: Construção das métricas | Atividade 7: Operacionalização das métricas | Atividade 8: Aplicação das métricas | C37: 2. Aplicação da EC | D37: 2.1 UTGCA | E37: Apresentar os resultados para a Petrobras (UTGCA) | F37: Clarice | G37: =IF($A37="","",_xlfn.TEXTJOIN("; ",TRUE,IF(COUNTIF('Clarice'!$B$6:$B$300,$A37)>0,"Clarice",""),IF(COUNTIF('Luisa'!$B$6:$B$300,$A37)>0,"Luisa",""),IF(COUNTIF('Lui'!$B$6:$B$300,$A37)>0,"Lui",""),IF(COUNTIF('Thaís'!$B$6:$B$300,$A37)>0,"Thaís",""),IF(COUNTIF('Daniel'!$B$6:$B$300,$A37)>0,"Daniel",""),IF(COUNTIF('Fernando'!$B$6:$B$300,$A37)>0,"Fernando",""),IF(COUNTIF('Stephanie'!$B$6:$B$300,$A37)>0,"Stephanie",""),IF(COUNTIF('Fox'!$B$6:$B$300,$A37)>0,"Fox",""),IF(COUNTIF('Bruna'!$B$6:$B$300,$A37)>0,"Bruna",""),IF(COUNTIF('Stella'!$B$6:$B$300,$A37)>0,"Stella",""),IF(COUNTIF('Igor'!$B$6:$B$300,$A37)>0,"Igor",""))) | I37: Concluído | J37: =IF(OR($A37="",(COUNTIF('Clarice'!$B$6:$B$300,$A37)+COUNTIF('Luisa'!$B$6:$B$300,$A37)+COUNTIF('Lui'!$B$6:$B$300,$A37)+COUNTIF('Thaís'!$B$6:$B$300,$A37)+COUNTIF('Daniel'!$B$6:$B$300,$A37)+COUNTIF('Fernando'!$B$6:$B$300,$A37)+COUNTIF('Stephanie'!$B$6:$B$300,$A37)+COUNTIF('Fox'!$B$6:$B$300,$A37)+COUNTIF('Bruna'!$B$6:$B$300,$A37)+COUNTIF('Stella'!$B$6:$B$300,$A37)+COUNTIF('Igor'!$B$6:$B$300,$A37))=0),"",(COUNTIFS('Clarice'!$B$6:$B$300,$A37,'Clarice'!$F$6:$F$300,"Concluído")+COUNTIFS('Luisa'!$B$6:$B$300,$A37,'Luisa'!$F$6:$F$300,"Concluído")+COUNTIFS('Lui'!$B$6:$B$300,$A37,'Lui'!$F$6:$F$300,"Concluído")+COUNTIFS('Thaís'!$B$6:$B$300,$A37,'Thaís'!$F$6:$F$300,"Concluído")+COUNTIFS('Daniel'!$B$6:$B$300,$A37,'Daniel'!$F$6:$F$300,"Concluído")+COUNTIFS('Fernando'!$B$6:$B$300,$A37,'Fernando'!$F$6:$F$300,"Concluído")+COUNTIFS('Stephanie'!$B$6:$B$300,$A37,'Stephanie'!$F$6:$F$300,"Concluído")+COUNTIFS('Fox'!$B$6:$B$300,$A37,'Fox'!$F$6:$F$300,"Concluído")+COUNTIFS('Bruna'!$B$6:$B$300,$A37,'Bruna'!$F$6:$F$300,"Concluído")+COUNTIFS('Stella'!$B$6:$B$300,$A37,'Stella'!$F$6:$F$300,"Concluído")+COUNTIFS('Igor'!$B$6:$B$300,$A37,'Igor'!$F$6:$F$300,"Concluído"))&" / "&(COUNTIF('Clarice'!$B$6:$B$300,$A37)+COUNTIF('Luisa'!$B$6:$B$300,$A37)+COUNTIF('Lui'!$B$6:$B$300,$A37)+COUNTIF('Thaís'!$B$6:$B$300,$A37)+COUNTIF('Daniel'!$B$6:$B$300,$A37)+COUNTIF('Fernando'!$B$6:$B$300,$A37)+COUNTIF('Stephanie'!$B$6:$B$300,$A37)+COUNTIF('Fox'!$B$6:$B$300,$A37)+COUNTIF('Bruna'!$B$6:$B$300,$A37)+COUNTIF('Stella'!$B$6:$B$300,$A37)+COUNTIF('Igor'!$B$6:$B$300,$A37))) | K37: 46132 | L37: 46142 | M37: 46132 | N37: 46164 | O37: 46161 | P37: =IF($A37="","",IF(M37<>"",M37,IF(K37<>"",K37,""))) | Q37: =IF($A37="","",IF(N37<>"",N37,IF(L37<>"",L37,""))) | S37: {=IF($A37="","",_xlfn.TEXTJOIN(CHAR(10),TRUE,IF('Clarice'!$B$6:$B$300=$A37,"Clarice"&IF('Clarice'!$E$6:$E$300="",""," : "&'Clarice'!$E$6:$E$300)&" ["&'Clarice'!$F$6:$F$300&"]",""),IF('Luisa'!$B$6:$B$300=$A37,"Luisa"&IF('Luisa'!$E$6:$E$300="",""," : "&'Luisa'!$E$6:$E$300)&" ["&'Luisa'!$F$6:$F$300&"]",""),IF('Lui'!$B$6:$B$300=$A37,"Lui"&IF('Lui'!$E$6:$E$300="",""," : "&'Lui'!$E$6:$E$300)&" ["&'Lui'!$F$6:$F$300&"]",""),IF('Thaís'!$B$6:$B$300=$A37,"Thaís"&IF('Thaís'!$E$6:$E$300="",""," : "&'Thaís'!$E$6:$E$300)&" ["&'Thaís'!$F$6:$F$300&"]",""),IF('Daniel'!$B$6:$B$300=$A37,"Daniel"&IF('Daniel'!$E$6:$E$300="",""," : "&'Daniel'!$E$6:$E$300)&" ["&'Daniel'!$F$6:$F$300&"]",""),IF('Fernando'!$B$6:$B$300=$A37,"Fernando"&IF('Fernando'!$E$6:$E$300="",""," : "&'Fernando'!$E$6:$E$300)&" ["&'Fernando'!$F$6:$F$300&"]",""),IF('Stephanie'!$B$6:$B$300=$A37,"Stephanie"&IF('Stephanie'!$E$6:$E$300="",""," : "&'Stephanie'!$E$6:$E$300)&" ["&'Stephanie'!$F$6:$F$300&"]",""),IF('Fox'!$B$6:$B$300=$A37,"Fox"&IF('Fox'!$E$6:$E$300="",""," : "&'Fox'!$E$6:$E$300)&" ["&'Fox'!$F$6:$F$300&"]",""),IF('Bruna'!$B$6:$B$300=$A37,"Bruna"&IF('Bruna'!$E$6:$E$300="",""," : "&'Bruna'!$E$6:$E$300)&" ["&'Bruna'!$F$6:$F$300&"]",""),IF('Stella'!$B$6:$B$300=$A37,"Stella"&IF('Stella'!$E$6:$E$300="",""," : "&'Stella'!$E$6:$E$300)&" ["&'Stella'!$F$6:$F$300&"]",""),IF('Igor'!$B$6:$B$300=$A37,"Igor"&IF('Igor'!$E$6:$E$300="",""," : "&'Igor'!$E$6:$E$300)&" ["&'Igor'!$F$6:$F$300&"]","")))}
A38: EC-010 | B38: Etapa 2: Construção das métricas | Atividade 7: Operacionalização das métricas | Atividade 8: Aplicação das métricas | C38: 2. Aplicação da EC | D38: 2.1 UTGCA | E38: Bruna conversar com Clarice e Thaís sobre novo cenário da UTGCA | F38: Clarice | G38: =IF($A38="","",_xlfn.TEXTJOIN("; ",TRUE,IF(COUNTIF('Clarice'!$B$6:$B$300,$A38)>0,"Clarice",""),IF(COUNTIF('Luisa'!$B$6:$B$300,$A38)>0,"Luisa",""),IF(COUNTIF('Lui'!$B$6:$B$300,$A38)>0,"Lui",""),IF(COUNTIF('Thaís'!$B$6:$B$300,$A38)>0,"Thaís",""),IF(COUNTIF('Daniel'!$B$6:$B$300,$A38)>0,"Daniel",""),IF(COUNTIF('Fernando'!$B$6:$B$300,$A38)>0,"Fernando",""),IF(COUNTIF('Stephanie'!$B$6:$B$300,$A38)>0,"Stephanie",""),IF(COUNTIF('Fox'!$B$6:$B$300,$A38)>0,"Fox",""),IF(COUNTIF('Bruna'!$B$6:$B$300,$A38)>0,"Bruna",""),IF(COUNTIF('Stella'!$B$6:$B$300,$A38)>0,"Stella",""),IF(COUNTIF('Igor'!$B$6:$B$300,$A38)>0,"Igor",""))) | I38: Concluído | J38: =IF(OR($A38="",(COUNTIF('Clarice'!$B$6:$B$300,$A38)+COUNTIF('Luisa'!$B$6:$B$300,$A38)+COUNTIF('Lui'!$B$6:$B$300,$A38)+COUNTIF('Thaís'!$B$6:$B$300,$A38)+COUNTIF('Daniel'!$B$6:$B$300,$A38)+COUNTIF('Fernando'!$B$6:$B$300,$A38)+COUNTIF('Stephanie'!$B$6:$B$300,$A38)+COUNTIF('Fox'!$B$6:$B$300,$A38)+COUNTIF('Bruna'!$B$6:$B$300,$A38)+COUNTIF('Stella'!$B$6:$B$300,$A38)+COUNTIF('Igor'!$B$6:$B$300,$A38))=0),"",(COUNTIFS('Clarice'!$B$6:$B$300,$A38,'Clarice'!$F$6:$F$300,"Concluído")+COUNTIFS('Luisa'!$B$6:$B$300,$A38,'Luisa'!$F$6:$F$300,"Concluído")+COUNTIFS('Lui'!$B$6:$B$300,$A38,'Lui'!$F$6:$F$300,"Concluído")+COUNTIFS('Thaís'!$B$6:$B$300,$A38,'Thaís'!$F$6:$F$300,"Concluído")+COUNTIFS('Daniel'!$B$6:$B$300,$A38,'Daniel'!$F$6:$F$300,"Concluído")+COUNTIFS('Fernando'!$B$6:$B$300,$A38,'Fernando'!$F$6:$F$300,"Concluído")+COUNTIFS('Stephanie'!$B$6:$B$300,$A38,'Stephanie'!$F$6:$F$300,"Concluído")+COUNTIFS('Fox'!$B$6:$B$300,$A38,'Fox'!$F$6:$F$300,"Concluído")+COUNTIFS('Bruna'!$B$6:$B$300,$A38,'Bruna'!$F$6:$F$300,"Concluído")+COUNTIFS('Stella'!$B$6:$B$300,$A38,'Stella'!$F$6:$F$300,"Concluído")+COUNTIFS('Igor'!$B$6:$B$300,$A38,'Igor'!$F$6:$F$300,"Concluído"))&" / "&(COUNTIF('Clarice'!$B$6:$B$300,$A38)+COUNTIF('Luisa'!$B$6:$B$300,$A38)+COUNTIF('Lui'!$B$6:$B$300,$A38)+COUNTIF('Thaís'!$B$6:$B$300,$A38)+COUNTIF('Daniel'!$B$6:$B$300,$A38)+COUNTIF('Fernando'!$B$6:$B$300,$A38)+COUNTIF('Stephanie'!$B$6:$B$300,$A38)+COUNTIF('Fox'!$B$6:$B$300,$A38)+COUNTIF('Bruna'!$B$6:$B$300,$A38)+COUNTIF('Stella'!$B$6:$B$300,$A38)+COUNTIF('Igor'!$B$6:$B$300,$A38))) | M38: 46160 | N38: 46185 | P38: =IF($A38="","",IF(M38<>"",M38,IF(K38<>"",K38,""))) | Q38: =IF($A38="","",IF(N38<>"",N38,IF(L38<>"",L38,""))) | S38: {=IF($A38="","",_xlfn.TEXTJOIN(CHAR(10),TRUE,IF('Clarice'!$B$6:$B$300=$A38,"Clarice"&IF('Clarice'!$E$6:$E$300="",""," : "&'Clarice'!$E$6:$E$300)&" ["&'Clarice'!$F$6:$F$300&"]",""),IF('Luisa'!$B$6:$B$300=$A38,"Luisa"&IF('Luisa'!$E$6:$E$300="",""," : "&'Luisa'!$E$6:$E$300)&" ["&'Luisa'!$F$6:$F$300&"]",""),IF('Lui'!$B$6:$B$300=$A38,"Lui"&IF('Lui'!$E$6:$E$300="",""," : "&'Lui'!$E$6:$E$300)&" ["&'Lui'!$F$6:$F$300&"]",""),IF('Thaís'!$B$6:$B$300=$A38,"Thaís"&IF('Thaís'!$E$6:$E$300="",""," : "&'Thaís'!$E$6:$E$300)&" ["&'Thaís'!$F$6:$F$300&"]",""),IF('Daniel'!$B$6:$B$300=$A38,"Daniel"&IF('Daniel'!$E$6:$E$300="",""," : "&'Daniel'!$E$6:$E$300)&" ["&'Daniel'!$F$6:$F$300&"]",""),IF('Fernando'!$B$6:$B$300=$A38,"Fernando"&IF('Fernando'!$E$6:$E$300="",""," : "&'Fernando'!$E$6:$E$300)&" ["&'Fernando'!$F$6:$F$300&"]",""),IF('Stephanie'!$B$6:$B$300=$A38,"Stephanie"&IF('Stephanie'!$E$6:$E$300="",""," : "&'Stephanie'!$E$6:$E$300)&" ["&'Stephanie'!$F$6:$F$300&"]",""),IF('Fox'!$B$6:$B$300=$A38,"Fox"&IF('Fox'!$E$6:$E$300="",""," : "&'Fox'!$E$6:$E$300)&" ["&'Fox'!$F$6:$F$300&"]",""),IF('Bruna'!$B$6:$B$300=$A38,"Bruna"&IF('Bruna'!$E$6:$E$300="",""," : "&'Bruna'!$E$6:$E$300)&" ["&'Bruna'!$F$6:$F$300&"]",""),IF('Stella'!$B$6:$B$300=$A38,"Stella"&IF('Stella'!$E$6:$E$300="",""," : "&'Stella'!$E$6:$E$300)&" ["&'Stella'!$F$6:$F$300&"]",""),IF('Igor'!$B$6:$B$300=$A38,"Igor"&IF('Igor'!$E$6:$E$300="",""," : "&'Igor'!$E$6:$E$300)&" ["&'Igor'!$F$6:$F$300&"]","")))}
A39: EC-011 | B39: Etapa 2: Construção das métricas | Atividade 7: Operacionalização das métricas | Atividade 8: Aplicação das métricas | C39: 2. Aplicação da EC | D39: 2.1 UTGCA | E39: Fazer os ajustes necessários (UTGCA) - cenário de impacto | F39: Clarice | G39: =IF($A39="","",_xlfn.TEXTJOIN("; ",TRUE,IF(COUNTIF('Clarice'!$B$6:$B$300,$A39)>0,"Clarice",""),IF(COUNTIF('Luisa'!$B$6:$B$300,$A39)>0,"Luisa",""),IF(COUNTIF('Lui'!$B$6:$B$300,$A39)>0,"Lui",""),IF(COUNTIF('Thaís'!$B$6:$B$300,$A39)>0,"Thaís",""),IF(COUNTIF('Daniel'!$B$6:$B$300,$A39)>0,"Daniel",""),IF(COUNTIF('Fernando'!$B$6:$B$300,$A39)>0,"Fernando",""),IF(COUNTIF('Stephanie'!$B$6:$B$300,$A39)>0,"Stephanie",""),IF(COUNTIF('Fox'!$B$6:$B$300,$A39)>0,"Fox",""),IF(COUNTIF('Bruna'!$B$6:$B$300,$A39)>0,"Bruna",""),IF(COUNTIF('Stella'!$B$6:$B$300,$A39)>0,"Stella",""),IF(COUNTIF('Igor'!$B$6:$B$300,$A39)>0,"Igor",""))) | I39: Concluído | J39: =IF(OR($A39="",(COUNTIF('Clarice'!$B$6:$B$300,$A39)+COUNTIF('Luisa'!$B$6:$B$300,$A39)+COUNTIF('Lui'!$B$6:$B$300,$A39)+COUNTIF('Thaís'!$B$6:$B$300,$A39)+COUNTIF('Daniel'!$B$6:$B$300,$A39)+COUNTIF('Fernando'!$B$6:$B$300,$A39)+COUNTIF('Stephanie'!$B$6:$B$300,$A39)+COUNTIF('Fox'!$B$6:$B$300,$A39)+COUNTIF('Bruna'!$B$6:$B$300,$A39)+COUNTIF('Stella'!$B$6:$B$300,$A39)+COUNTIF('Igor'!$B$6:$B$300,$A39))=0),"",(COUNTIFS('Clarice'!$B$6:$B$300,$A39,'Clarice'!$F$6:$F$300,"Concluído")+COUNTIFS('Luisa'!$B$6:$B$300,$A39,'Luisa'!$F$6:$F$300,"Concluído")+COUNTIFS('Lui'!$B$6:$B$300,$A39,'Lui'!$F$6:$F$300,"Concluído")+COUNTIFS('Thaís'!$B$6:$B$300,$A39,'Thaís'!$F$6:$F$300,"Concluído")+COUNTIFS('Daniel'!$B$6:$B$300,$A39,'Daniel'!$F$6:$F$300,"Concluído")+COUNTIFS('Fernando'!$B$6:$B$300,$A39,'Fernando'!$F$6:$F$300,"Concluído")+COUNTIFS('Stephanie'!$B$6:$B$300,$A39,'Stephanie'!$F$6:$F$300,"Concluído")+COUNTIFS('Fox'!$B$6:$B$300,$A39,'Fox'!$F$6:$F$300,"Concluído")+COUNTIFS('Bruna'!$B$6:$B$300,$A39,'Bruna'!$F$6:$F$300,"Concluído")+COUNTIFS('Stella'!$B$6:$B$300,$A39,'Stella'!$F$6:$F$300,"Concluído")+COUNTIFS('Igor'!$B$6:$B$300,$A39,'Igor'!$F$6:$F$300,"Concluído"))&" / "&(COUNTIF('Clarice'!$B$6:$B$300,$A39)+COUNTIF('Luisa'!$B$6:$B$300,$A39)+COUNTIF('Lui'!$B$6:$B$300,$A39)+COUNTIF('Thaís'!$B$6:$B$300,$A39)+COUNTIF('Daniel'!$B$6:$B$300,$A39)+COUNTIF('Fernando'!$B$6:$B$300,$A39)+COUNTIF('Stephanie'!$B$6:$B$300,$A39)+COUNTIF('Fox'!$B$6:$B$300,$A39)+COUNTIF('Bruna'!$B$6:$B$300,$A39)+COUNTIF('Stella'!$B$6:$B$300,$A39)+COUNTIF('Igor'!$B$6:$B$300,$A39))) | K39: 46146 | L39: 46150 | M39: 46146 | N39: 46220 | P39: =IF($A39="","",IF(M39<>"",M39,IF(K39<>"",K39,""))) | Q39: =IF($A39="","",IF(N39<>"",N39,IF(L39<>"",L39,""))) | S39: {=IF($A39="","",_xlfn.TEXTJOIN(CHAR(10),TRUE,IF('Clarice'!$B$6:$B$300=$A39,"Clarice"&IF('Clarice'!$E$6:$E$300="",""," : "&'Clarice'!$E$6:$E$300)&" ["&'Clarice'!$F$6:$F$300&"]",""),IF('Luisa'!$B$6:$B$300=$A39,"Luisa"&IF('Luisa'!$E$6:$E$300="",""," : "&'Luisa'!$E$6:$E$300)&" ["&'Luisa'!$F$6:$F$300&"]",""),IF('Lui'!$B$6:$B$300=$A39,"Lui"&IF('Lui'!$E$6:$E$300="",""," : "&'Lui'!$E$6:$E$300)&" ["&'Lui'!$F$6:$F$300&"]",""),IF('Thaís'!$B$6:$B$300=$A39,"Thaís"&IF('Thaís'!$E$6:$E$300="",""," : "&'Thaís'!$E$6:$E$300)&" ["&'Thaís'!$F$6:$F$300&"]",""),IF('Daniel'!$B$6:$B$300=$A39,"Daniel"&IF('Daniel'!$E$6:$E$300="",""," : "&'Daniel'!$E$6:$E$300)&" ["&'Daniel'!$F$6:$F$300&"]",""),IF('Fernando'!$B$6:$B$300=$A39,"Fernando"&IF('Fernando'!$E$6:$E$300="",""," : "&'Fernando'!$E$6:$E$300)&" ["&'Fernando'!$F$6:$F$300&"]",""),IF('Stephanie'!$B$6:$B$300=$A39,"Stephanie"&IF('Stephanie'!$E$6:$E$300="",""," : "&'Stephanie'!$E$6:$E$300)&" ["&'Stephanie'!$F$6:$F$300&"]",""),IF('Fox'!$B$6:$B$300=$A39,"Fox"&IF('Fox'!$E$6:$E$300="",""," : "&'Fox'!$E$6:$E$300)&" ["&'Fox'!$F$6:$F$300&"]",""),IF('Bruna'!$B$6:$B$300=$A39,"Bruna"&IF('Bruna'!$E$6:$E$300="",""," : "&'Bruna'!$E$6:$E$300)&" ["&'Bruna'!$F$6:$F$300&"]",""),IF('Stella'!$B$6:$B$300=$A39,"Stella"&IF('Stella'!$E$6:$E$300="",""," : "&'Stella'!$E$6:$E$300)&" ["&'Stella'!$F$6:$F$300&"]",""),IF('Igor'!$B$6:$B$300=$A39,"Igor"&IF('Igor'!$E$6:$E$300="",""," : "&'Igor'!$E$6:$E$300)&" ["&'Igor'!$F$6:$F$300&"]","")))}
B40: Etapa 2: Construção das métricas | Atividade 7: Operacionalização das métricas | Atividade 8: Aplicação das métricas | C40: 2. Aplicação da EC | D40: 2.2 Boaventura e GR3 | E40: 2.2 Boaventura e GR3 | F40: Clarice | G40: =IF($A40="","",_xlfn.TEXTJOIN("; ",TRUE,IF(COUNTIF('Clarice'!$B$6:$B$300,$A40)>0,"Clarice",""),IF(COUNTIF('Luisa'!$B$6:$B$300,$A40)>0,"Luisa",""),IF(COUNTIF('Lui'!$B$6:$B$300,$A40)>0,"Lui",""),IF(COUNTIF('Thaís'!$B$6:$B$300,$A40)>0,"Thaís",""),IF(COUNTIF('Daniel'!$B$6:$B$300,$A40)>0,"Daniel",""),IF(COUNTIF('Fernando'!$B$6:$B$300,$A40)>0,"Fernando",""),IF(COUNTIF('Stephanie'!$B$6:$B$300,$A40)>0,"Stephanie",""),IF(COUNTIF('Fox'!$B$6:$B$300,$A40)>0,"Fox",""),IF(COUNTIF('Bruna'!$B$6:$B$300,$A40)>0,"Bruna",""),IF(COUNTIF('Stella'!$B$6:$B$300,$A40)>0,"Stella",""),IF(COUNTIF('Igor'!$B$6:$B$300,$A40)>0,"Igor",""))) | J40: =IF(OR($A40="",(COUNTIF('Clarice'!$B$6:$B$300,$A40)+COUNTIF('Luisa'!$B$6:$B$300,$A40)+COUNTIF('Lui'!$B$6:$B$300,$A40)+COUNTIF('Thaís'!$B$6:$B$300,$A40)+COUNTIF('Daniel'!$B$6:$B$300,$A40)+COUNTIF('Fernando'!$B$6:$B$300,$A40)+COUNTIF('Stephanie'!$B$6:$B$300,$A40)+COUNTIF('Fox'!$B$6:$B$300,$A40)+COUNTIF('Bruna'!$B$6:$B$300,$A40)+COUNTIF('Stella'!$B$6:$B$300,$A40)+COUNTIF('Igor'!$B$6:$B$300,$A40))=0),"",(COUNTIFS('Clarice'!$B$6:$B$300,$A40,'Clarice'!$F$6:$F$300,"Concluído")+COUNTIFS('Luisa'!$B$6:$B$300,$A40,'Luisa'!$F$6:$F$300,"Concluído")+COUNTIFS('Lui'!$B$6:$B$300,$A40,'Lui'!$F$6:$F$300,"Concluído")+COUNTIFS('Thaís'!$B$6:$B$300,$A40,'Thaís'!$F$6:$F$300,"Concluído")+COUNTIFS('Daniel'!$B$6:$B$300,$A40,'Daniel'!$F$6:$F$300,"Concluído")+COUNTIFS('Fernando'!$B$6:$B$300,$A40,'Fernando'!$F$6:$F$300,"Concluído")+COUNTIFS('Stephanie'!$B$6:$B$300,$A40,'Stephanie'!$F$6:$F$300,"Concluído")+COUNTIFS('Fox'!$B$6:$B$300,$A40,'Fox'!$F$6:$F$300,"Concluído")+COUNTIFS('Bruna'!$B$6:$B$300,$A40,'Bruna'!$F$6:$F$300,"Concluído")+COUNTIFS('Stella'!$B$6:$B$300,$A40,'Stella'!$F$6:$F$300,"Concluído")+COUNTIFS('Igor'!$B$6:$B$300,$A40,'Igor'!$F$6:$F$300,"Concluído"))&" / "&(COUNTIF('Clarice'!$B$6:$B$300,$A40)+COUNTIF('Luisa'!$B$6:$B$300,$A40)+COUNTIF('Lui'!$B$6:$B$300,$A40)+COUNTIF('Thaís'!$B$6:$B$300,$A40)+COUNTIF('Daniel'!$B$6:$B$300,$A40)+COUNTIF('Fernando'!$B$6:$B$300,$A40)+COUNTIF('Stephanie'!$B$6:$B$300,$A40)+COUNTIF('Fox'!$B$6:$B$300,$A40)+COUNTIF('Bruna'!$B$6:$B$300,$A40)+COUNTIF('Stella'!$B$6:$B$300,$A40)+COUNTIF('Igor'!$B$6:$B$300,$A40))) | P40: =IF($A40="","",IF(M40<>"",M40,IF(K40<>"",K40,""))) | Q40: =IF($A40="","",IF(N40<>"",N40,IF(L40<>"",L40,""))) | S40: {=IF($A40="","",_xlfn.TEXTJOIN(CHAR(10),TRUE,IF('Clarice'!$B$6:$B$300=$A40,"Clarice"&IF('Clarice'!$E$6:$E$300="",""," : "&'Clarice'!$E$6:$E$300)&" ["&'Clarice'!$F$6:$F$300&"]",""),IF('Luisa'!$B$6:$B$300=$A40,"Luisa"&IF('Luisa'!$E$6:$E$300="",""," : "&'Luisa'!$E$6:$E$300)&" ["&'Luisa'!$F$6:$F$300&"]",""),IF('Lui'!$B$6:$B$300=$A40,"Lui"&IF('Lui'!$E$6:$E$300="",""," : "&'Lui'!$E$6:$E$300)&" ["&'Lui'!$F$6:$F$300&"]",""),IF('Thaís'!$B$6:$B$300=$A40,"Thaís"&IF('Thaís'!$E$6:$E$300="",""," : "&'Thaís'!$E$6:$E$300)&" ["&'Thaís'!$F$6:$F$300&"]",""),IF('Daniel'!$B$6:$B$300=$A40,"Daniel"&IF('Daniel'!$E$6:$E$300="",""," : "&'Daniel'!$E$6:$E$300)&" ["&'Daniel'!$F$6:$F$300&"]",""),IF('Fernando'!$B$6:$B$300=$A40,"Fernando"&IF('Fernando'!$E$6:$E$300="",""," : "&'Fernando'!$E$6:$E$300)&" ["&'Fernando'!$F$6:$F$300&"]",""),IF('Stephanie'!$B$6:$B$300=$A40,"Stephanie"&IF('Stephanie'!$E$6:$E$300="",""," : "&'Stephanie'!$E$6:$E$300)&" ["&'Stephanie'!$F$6:$F$300&"]",""),IF('Fox'!$B$6:$B$300=$A40,"Fox"&IF('Fox'!$E$6:$E$300="",""," : "&'Fox'!$E$6:$E$300)&" ["&'Fox'!$F$6:$F$300&"]",""),IF('Bruna'!$B$6:$B$300=$A40,"Bruna"&IF('Bruna'!$E$6:$E$300="",""," : "&'Bruna'!$E$6:$E$300)&" ["&'Bruna'!$F$6:$F$300&"]",""),IF('Stella'!$B$6:$B$300=$A40,"Stella"&IF('Stella'!$E$6:$E$300="",""," : "&'Stella'!$E$6:$E$300)&" ["&'Stella'!$F$6:$F$300&"]",""),IF('Igor'!$B$6:$B$300=$A40,"Igor"&IF('Igor'!$E$6:$E$300="",""," : "&'Igor'!$E$6:$E$300)&" ["&'Igor'!$F$6:$F$300&"]","")))}
A41: EC-012 | B41: Etapa 2: Construção das métricas | Atividade 7: Operacionalização das métricas | Atividade 8: Aplicação das métricas | C41: 2. Aplicação da EC | D41: 2.2 Boaventura e GR3 | E41: Definir as espécies internamente (Boaventura) | F41: Clarice | G41: =IF($A41="","",_xlfn.TEXTJOIN("; ",TRUE,IF(COUNTIF('Clarice'!$B$6:$B$300,$A41)>0,"Clarice",""),IF(COUNTIF('Luisa'!$B$6:$B$300,$A41)>0,"Luisa",""),IF(COUNTIF('Lui'!$B$6:$B$300,$A41)>0,"Lui",""),IF(COUNTIF('Thaís'!$B$6:$B$300,$A41)>0,"Thaís",""),IF(COUNTIF('Daniel'!$B$6:$B$300,$A41)>0,"Daniel",""),IF(COUNTIF('Fernando'!$B$6:$B$300,$A41)>0,"Fernando",""),IF(COUNTIF('Stephanie'!$B$6:$B$300,$A41)>0,"Stephanie",""),IF(COUNTIF('Fox'!$B$6:$B$300,$A41)>0,"Fox",""),IF(COUNTIF('Bruna'!$B$6:$B$300,$A41)>0,"Bruna",""),IF(COUNTIF('Stella'!$B$6:$B$300,$A41)>0,"Stella",""),IF(COUNTIF('Igor'!$B$6:$B$300,$A41)>0,"Igor",""))) | I41: Concluído | J41: =IF(OR($A41="",(COUNTIF('Clarice'!$B$6:$B$300,$A41)+COUNTIF('Luisa'!$B$6:$B$300,$A41)+COUNTIF('Lui'!$B$6:$B$300,$A41)+COUNTIF('Thaís'!$B$6:$B$300,$A41)+COUNTIF('Daniel'!$B$6:$B$300,$A41)+COUNTIF('Fernando'!$B$6:$B$300,$A41)+COUNTIF('Stephanie'!$B$6:$B$300,$A41)+COUNTIF('Fox'!$B$6:$B$300,$A41)+COUNTIF('Bruna'!$B$6:$B$300,$A41)+COUNTIF('Stella'!$B$6:$B$300,$A41)+COUNTIF('Igor'!$B$6:$B$300,$A41))=0),"",(COUNTIFS('Clarice'!$B$6:$B$300,$A41,'Clarice'!$F$6:$F$300,"Concluído")+COUNTIFS('Luisa'!$B$6:$B$300,$A41,'Luisa'!$F$6:$F$300,"Concluído")+COUNTIFS('Lui'!$B$6:$B$300,$A41,'Lui'!$F$6:$F$300,"Concluído")+COUNTIFS('Thaís'!$B$6:$B$300,$A41,'Thaís'!$F$6:$F$300,"Concluído")+COUNTIFS('Daniel'!$B$6:$B$300,$A41,'Daniel'!$F$6:$F$300,"Concluído")+COUNTIFS('Fernando'!$B$6:$B$300,$A41,'Fernando'!$F$6:$F$300,"Concluído")+COUNTIFS('Stephanie'!$B$6:$B$300,$A41,'Stephanie'!$F$6:$F$300,"Concluído")+COUNTIFS('Fox'!$B$6:$B$300,$A41,'Fox'!$F$6:$F$300,"Concluído")+COUNTIFS('Bruna'!$B$6:$B$300,$A41,'Bruna'!$F$6:$F$300,"Concluído")+COUNTIFS('Stella'!$B$6:$B$300,$A41,'Stella'!$F$6:$F$300,"Concluído")+COUNTIFS('Igor'!$B$6:$B$300,$A41,'Igor'!$F$6:$F$300,"Concluído"))&" / "&(COUNTIF('Clarice'!$B$6:$B$300,$A41)+COUNTIF('Luisa'!$B$6:$B$300,$A41)+COUNTIF('Lui'!$B$6:$B$300,$A41)+COUNTIF('Thaís'!$B$6:$B$300,$A41)+COUNTIF('Daniel'!$B$6:$B$300,$A41)+COUNTIF('Fernando'!$B$6:$B$300,$A41)+COUNTIF('Stephanie'!$B$6:$B$300,$A41)+COUNTIF('Fox'!$B$6:$B$300,$A41)+COUNTIF('Bruna'!$B$6:$B$300,$A41)+COUNTIF('Stella'!$B$6:$B$300,$A41)+COUNTIF('Igor'!$B$6:$B$300,$A41))) | P41: =IF($A41="","",IF(M41<>"",M41,IF(K41<>"",K41,""))) | Q41: =IF($A41="","",IF(N41<>"",N41,IF(L41<>"",L41,""))) | S41: {=IF($A41="","",_xlfn.TEXTJOIN(CHAR(10),TRUE,IF('Clarice'!$B$6:$B$300=$A41,"Clarice"&IF('Clarice'!$E$6:$E$300="",""," : "&'Clarice'!$E$6:$E$300)&" ["&'Clarice'!$F$6:$F$300&"]",""),IF('Luisa'!$B$6:$B$300=$A41,"Luisa"&IF('Luisa'!$E$6:$E$300="",""," : "&'Luisa'!$E$6:$E$300)&" ["&'Luisa'!$F$6:$F$300&"]",""),IF('Lui'!$B$6:$B$300=$A41,"Lui"&IF('Lui'!$E$6:$E$300="",""," : "&'Lui'!$E$6:$E$300)&" ["&'Lui'!$F$6:$F$300&"]",""),IF('Thaís'!$B$6:$B$300=$A41,"Thaís"&IF('Thaís'!$E$6:$E$300="",""," : "&'Thaís'!$E$6:$E$300)&" ["&'Thaís'!$F$6:$F$300&"]",""),IF('Daniel'!$B$6:$B$300=$A41,"Daniel"&IF('Daniel'!$E$6:$E$300="",""," : "&'Daniel'!$E$6:$E$300)&" ["&'Daniel'!$F$6:$F$300&"]",""),IF('Fernando'!$B$6:$B$300=$A41,"Fernando"&IF('Fernando'!$E$6:$E$300="",""," : "&'Fernando'!$E$6:$E$300)&" ["&'Fernando'!$F$6:$F$300&"]",""),IF('Stephanie'!$B$6:$B$300=$A41,"Stephanie"&IF('Stephanie'!$E$6:$E$300="",""," : "&'Stephanie'!$E$6:$E$300)&" ["&'Stephanie'!$F$6:$F$300&"]",""),IF('Fox'!$B$6:$B$300=$A41,"Fox"&IF('Fox'!$E$6:$E$300="",""," : "&'Fox'!$E$6:$E$300)&" ["&'Fox'!$F$6:$F$300&"]",""),IF('Bruna'!$B$6:$B$300=$A41,"Bruna"&IF('Bruna'!$E$6:$E$300="",""," : "&'Bruna'!$E$6:$E$300)&" ["&'Bruna'!$F$6:$F$300&"]",""),IF('Stella'!$B$6:$B$300=$A41,"Stella"&IF('Stella'!$E$6:$E$300="",""," : "&'Stella'!$E$6:$E$300)&" ["&'Stella'!$F$6:$F$300&"]",""),IF('Igor'!$B$6:$B$300=$A41,"Igor"&IF('Igor'!$E$6:$E$300="",""," : "&'Igor'!$E$6:$E$300)&" ["&'Igor'!$F$6:$F$300&"]","")))}
A42: EC-013 | B42: Etapa 2: Construção das métricas | Atividade 7: Operacionalização das métricas | Atividade 8: Aplicação das métricas | C42: 2. Aplicação da EC | D42: 2.2 Boaventura e GR3 | E42: Validar as espécies com a Petrobras (Boaventura e GR3) | F42: Clarice | G42: =IF($A42="","",_xlfn.TEXTJOIN("; ",TRUE,IF(COUNTIF('Clarice'!$B$6:$B$300,$A42)>0,"Clarice",""),IF(COUNTIF('Luisa'!$B$6:$B$300,$A42)>0,"Luisa",""),IF(COUNTIF('Lui'!$B$6:$B$300,$A42)>0,"Lui",""),IF(COUNTIF('Thaís'!$B$6:$B$300,$A42)>0,"Thaís",""),IF(COUNTIF('Daniel'!$B$6:$B$300,$A42)>0,"Daniel",""),IF(COUNTIF('Fernando'!$B$6:$B$300,$A42)>0,"Fernando",""),IF(COUNTIF('Stephanie'!$B$6:$B$300,$A42)>0,"Stephanie",""),IF(COUNTIF('Fox'!$B$6:$B$300,$A42)>0,"Fox",""),IF(COUNTIF('Bruna'!$B$6:$B$300,$A42)>0,"Bruna",""),IF(COUNTIF('Stella'!$B$6:$B$300,$A42)>0,"Stella",""),IF(COUNTIF('Igor'!$B$6:$B$300,$A42)>0,"Igor",""))) | I42: Concluído | J42: =IF(OR($A42="",(COUNTIF('Clarice'!$B$6:$B$300,$A42)+COUNTIF('Luisa'!$B$6:$B$300,$A42)+COUNTIF('Lui'!$B$6:$B$300,$A42)+COUNTIF('Thaís'!$B$6:$B$300,$A42)+COUNTIF('Daniel'!$B$6:$B$300,$A42)+COUNTIF('Fernando'!$B$6:$B$300,$A42)+COUNTIF('Stephanie'!$B$6:$B$300,$A42)+COUNTIF('Fox'!$B$6:$B$300,$A42)+COUNTIF('Bruna'!$B$6:$B$300,$A42)+COUNTIF('Stella'!$B$6:$B$300,$A42)+COUNTIF('Igor'!$B$6:$B$300,$A42))=0),"",(COUNTIFS('Clarice'!$B$6:$B$300,$A42,'Clarice'!$F$6:$F$300,"Concluído")+COUNTIFS('Luisa'!$B$6:$B$300,$A42,'Luisa'!$F$6:$F$300,"Concluído")+COUNTIFS('Lui'!$B$6:$B$300,$A42,'Lui'!$F$6:$F$300,"Concluído")+COUNTIFS('Thaís'!$B$6:$B$300,$A42,'Thaís'!$F$6:$F$300,"Concluído")+COUNTIFS('Daniel'!$B$6:$B$300,$A42,'Daniel'!$F$6:$F$300,"Concluído")+COUNTIFS('Fernando'!$B$6:$B$300,$A42,'Fernando'!$F$6:$F$300,"Concluído")+COUNTIFS('Stephanie'!$B$6:$B$300,$A42,'Stephanie'!$F$6:$F$300,"Concluído")+COUNTIFS('Fox'!$B$6:$B$300,$A42,'Fox'!$F$6:$F$300,"Concluído")+COUNTIFS('Bruna'!$B$6:$B$300,$A42,'Bruna'!$F$6:$F$300,"Concluído")+COUNTIFS('Stella'!$B$6:$B$300,$A42,'Stella'!$F$6:$F$300,"Concluído")+COUNTIFS('Igor'!$B$6:$B$300,$A42,'Igor'!$F$6:$F$300,"Concluído"))&" / "&(COUNTIF('Clarice'!$B$6:$B$300,$A42)+COUNTIF('Luisa'!$B$6:$B$300,$A42)+COUNTIF('Lui'!$B$6:$B$300,$A42)+COUNTIF('Thaís'!$B$6:$B$300,$A42)+COUNTIF('Daniel'!$B$6:$B$300,$A42)+COUNTIF('Fernando'!$B$6:$B$300,$A42)+COUNTIF('Stephanie'!$B$6:$B$300,$A42)+COUNTIF('Fox'!$B$6:$B$300,$A42)+COUNTIF('Bruna'!$B$6:$B$300,$A42)+COUNTIF('Stella'!$B$6:$B$300,$A42)+COUNTIF('Igor'!$B$6:$B$300,$A42))) | K42: 46104 | L42: 46112 | M42: 46104 | N42: 46199 | P42: =IF($A42="","",IF(M42<>"",M42,IF(K42<>"",K42,""))) | Q42: =IF($A42="","",IF(N42<>"",N42,IF(L42<>"",L42,""))) | R42: Envio à Petrobras no dia 15/06 | S42: {=IF($A42="","",_xlfn.TEXTJOIN(CHAR(10),TRUE,IF('Clarice'!$B$6:$B$300=$A42,"Clarice"&IF('Clarice'!$E$6:$E$300="",""," : "&'Clarice'!$E$6:$E$300)&" ["&'Clarice'!$F$6:$F$300&"]",""),IF('Luisa'!$B$6:$B$300=$A42,"Luisa"&IF('Luisa'!$E$6:$E$300="",""," : "&'Luisa'!$E$6:$E$300)&" ["&'Luisa'!$F$6:$F$300&"]",""),IF('Lui'!$B$6:$B$300=$A42,"Lui"&IF('Lui'!$E$6:$E$300="",""," : "&'Lui'!$E$6:$E$300)&" ["&'Lui'!$F$6:$F$300&"]",""),IF('Thaís'!$B$6:$B$300=$A42,"Thaís"&IF('Thaís'!$E$6:$E$300="",""," : "&'Thaís'!$E$6:$E$300)&" ["&'Thaís'!$F$6:$F$300&"]",""),IF('Daniel'!$B$6:$B$300=$A42,"Daniel"&IF('Daniel'!$E$6:$E$300="",""," : "&'Daniel'!$E$6:$E$300)&" ["&'Daniel'!$F$6:$F$300&"]",""),IF('Fernando'!$B$6:$B$300=$A42,"Fernando"&IF('Fernando'!$E$6:$E$300="",""," : "&'Fernando'!$E$6:$E$300)&" ["&'Fernando'!$F$6:$F$300&"]",""),IF('Stephanie'!$B$6:$B$300=$A42,"Stephanie"&IF('Stephanie'!$E$6:$E$300="",""," : "&'Stephanie'!$E$6:$E$300)&" ["&'Stephanie'!$F$6:$F$300&"]",""),IF('Fox'!$B$6:$B$300=$A42,"Fox"&IF('Fox'!$E$6:$E$300="",""," : "&'Fox'!$E$6:$E$300)&" ["&'Fox'!$F$6:$F$300&"]",""),IF('Bruna'!$B$6:$B$300=$A42,"Bruna"&IF('Bruna'!$E$6:$E$300="",""," : "&'Bruna'!$E$6:$E$300)&" ["&'Bruna'!$F$6:$F$300&"]",""),IF('Stella'!$B$6:$B$300=$A42,"Stella"&IF('Stella'!$E$6:$E$300="",""," : "&'Stella'!$E$6:$E$300)&" ["&'Stella'!$F$6:$F$300&"]",""),IF('Igor'!$B$6:$B$300=$A42,"Igor"&IF('Igor'!$E$6:$E$300="",""," : "&'Igor'!$E$6:$E$300)&" ["&'Igor'!$F$6:$F$300&"]","")))}
A43: EC-014 | B43: Etapa 2: Construção das métricas | Atividade 7: Operacionalização das métricas | Atividade 8: Aplicação das métricas | C43: 2. Aplicação da EC | D43: 2.2 Boaventura e GR3 | E43: Pesquisar dados ecológicos das espécies na literatura (Boaventura e GR3) | F43: Clarice | G43: =IF($A43="","",_xlfn.TEXTJOIN("; ",TRUE,IF(COUNTIF('Clarice'!$B$6:$B$300,$A43)>0,"Clarice",""),IF(COUNTIF('Luisa'!$B$6:$B$300,$A43)>0,"Luisa",""),IF(COUNTIF('Lui'!$B$6:$B$300,$A43)>0,"Lui",""),IF(COUNTIF('Thaís'!$B$6:$B$300,$A43)>0,"Thaís",""),IF(COUNTIF('Daniel'!$B$6:$B$300,$A43)>0,"Daniel",""),IF(COUNTIF('Fernando'!$B$6:$B$300,$A43)>0,"Fernando",""),IF(COUNTIF('Stephanie'!$B$6:$B$300,$A43)>0,"Stephanie",""),IF(COUNTIF('Fox'!$B$6:$B$300,$A43)>0,"Fox",""),IF(COUNTIF('Bruna'!$B$6:$B$300,$A43)>0,"Bruna",""),IF(COUNTIF('Stella'!$B$6:$B$300,$A43)>0,"Stella",""),IF(COUNTIF('Igor'!$B$6:$B$300,$A43)>0,"Igor",""))) | I43: Em andamento | J43: =IF(OR($A43="",(COUNTIF('Clarice'!$B$6:$B$300,$A43)+COUNTIF('Luisa'!$B$6:$B$300,$A43)+COUNTIF('Lui'!$B$6:$B$300,$A43)+COUNTIF('Thaís'!$B$6:$B$300,$A43)+COUNTIF('Daniel'!$B$6:$B$300,$A43)+COUNTIF('Fernando'!$B$6:$B$300,$A43)+COUNTIF('Stephanie'!$B$6:$B$300,$A43)+COUNTIF('Fox'!$B$6:$B$300,$A43)+COUNTIF('Bruna'!$B$6:$B$300,$A43)+COUNTIF('Stella'!$B$6:$B$300,$A43)+COUNTIF('Igor'!$B$6:$B$300,$A43))=0),"",(COUNTIFS('Clarice'!$B$6:$B$300,$A43,'Clarice'!$F$6:$F$300,"Concluído")+COUNTIFS('Luisa'!$B$6:$B$300,$A43,'Luisa'!$F$6:$F$300,"Concluído")+COUNTIFS('Lui'!$B$6:$B$300,$A43,'Lui'!$F$6:$F$300,"Concluído")+COUNTIFS('Thaís'!$B$6:$B$300,$A43,'Thaís'!$F$6:$F$300,"Concluído")+COUNTIFS('Daniel'!$B$6:$B$300,$A43,'Daniel'!$F$6:$F$300,"Concluído")+COUNTIFS('Fernando'!$B$6:$B$300,$A43,'Fernando'!$F$6:$F$300,"Concluído")+COUNTIFS('Stephanie'!$B$6:$B$300,$A43,'Stephanie'!$F$6:$F$300,"Concluído")+COUNTIFS('Fox'!$B$6:$B$300,$A43,'Fox'!$F$6:$F$300,"Concluído")+COUNTIFS('Bruna'!$B$6:$B$300,$A43,'Bruna'!$F$6:$F$300,"Concluído")+COUNTIFS('Stella'!$B$6:$B$300,$A43,'Stella'!$F$6:$F$300,"Concluído")+COUNTIFS('Igor'!$B$6:$B$300,$A43,'Igor'!$F$6:$F$300,"Concluído"))&" / "&(COUNTIF('Clarice'!$B$6:$B$300,$A43)+COUNTIF('Luisa'!$B$6:$B$300,$A43)+COUNTIF('Lui'!$B$6:$B$300,$A43)+COUNTIF('Thaís'!$B$6:$B$300,$A43)+COUNTIF('Daniel'!$B$6:$B$300,$A43)+COUNTIF('Fernando'!$B$6:$B$300,$A43)+COUNTIF('Stephanie'!$B$6:$B$300,$A43)+COUNTIF('Fox'!$B$6:$B$300,$A43)+COUNTIF('Bruna'!$B$6:$B$300,$A43)+COUNTIF('Stella'!$B$6:$B$300,$A43)+COUNTIF('Igor'!$B$6:$B$300,$A43))) | K43: 46113 | L43: 46129 | M43: 46113 | N43: 46234 | P43: =IF($A43="","",IF(M43<>"",M43,IF(K43<>"",K43,""))) | Q43: =IF($A43="","",IF(N43<>"",N43,IF(L43<>"",L43,""))) | S43: {=IF($A43="","",_xlfn.TEXTJOIN(CHAR(10),TRUE,IF('Clarice'!$B$6:$B$300=$A43,"Clarice"&IF('Clarice'!$E$6:$E$300="",""," : "&'Clarice'!$E$6:$E$300)&" ["&'Clarice'!$F$6:$F$300&"]",""),IF('Luisa'!$B$6:$B$300=$A43,"Luisa"&IF('Luisa'!$E$6:$E$300="",""," : "&'Luisa'!$E$6:$E$300)&" ["&'Luisa'!$F$6:$F$300&"]",""),IF('Lui'!$B$6:$B$300=$A43,"Lui"&IF('Lui'!$E$6:$E$300="",""," : "&'Lui'!$E$6:$E$300)&" ["&'Lui'!$F$6:$F$300&"]",""),IF('Thaís'!$B$6:$B$300=$A43,"Thaís"&IF('Thaís'!$E$6:$E$300="",""," : "&'Thaís'!$E$6:$E$300)&" ["&'Thaís'!$F$6:$F$300&"]",""),IF('Daniel'!$B$6:$B$300=$A43,"Daniel"&IF('Daniel'!$E$6:$E$300="",""," : "&'Daniel'!$E$6:$E$300)&" ["&'Daniel'!$F$6:$F$300&"]",""),IF('Fernando'!$B$6:$B$300=$A43,"Fernando"&IF('Fernando'!$E$6:$E$300="",""," : "&'Fernando'!$E$6:$E$300)&" ["&'Fernando'!$F$6:$F$300&"]",""),IF('Stephanie'!$B$6:$B$300=$A43,"Stephanie"&IF('Stephanie'!$E$6:$E$300="",""," : "&'Stephanie'!$E$6:$E$300)&" ["&'Stephanie'!$F$6:$F$300&"]",""),IF('Fox'!$B$6:$B$300=$A43,"Fox"&IF('Fox'!$E$6:$E$300="",""," : "&'Fox'!$E$6:$E$300)&" ["&'Fox'!$F$6:$F$300&"]",""),IF('Bruna'!$B$6:$B$300=$A43,"Bruna"&IF('Bruna'!$E$6:$E$300="",""," : "&'Bruna'!$E$6:$E$300)&" ["&'Bruna'!$F$6:$F$300&"]",""),IF('Stella'!$B$6:$B$300=$A43,"Stella"&IF('Stella'!$E$6:$E$300="",""," : "&'Stella'!$E$6:$E$300)&" ["&'Stella'!$F$6:$F$300&"]",""),IF('Igor'!$B$6:$B$300=$A43,"Igor"&IF('Igor'!$E$6:$E$300="",""," : "&'Igor'!$E$6:$E$300)&" ["&'Igor'!$F$6:$F$300&"]","")))}
A44: EC-015 | B44: Etapa 2: Construção das métricas | Atividade 7: Operacionalização das métricas | Atividade 8: Aplicação das métricas | C44: 2. Aplicação da EC | D44: 2.2 Boaventura e GR3 | E44: Validação das decisões sobre as espécies por especialistas | F44: Clarice | G44: =IF($A44="","",_xlfn.TEXTJOIN("; ",TRUE,IF(COUNTIF('Clarice'!$B$6:$B$300,$A44)>0,"Clarice",""),IF(COUNTIF('Luisa'!$B$6:$B$300,$A44)>0,"Luisa",""),IF(COUNTIF('Lui'!$B$6:$B$300,$A44)>0,"Lui",""),IF(COUNTIF('Thaís'!$B$6:$B$300,$A44)>0,"Thaís",""),IF(COUNTIF('Daniel'!$B$6:$B$300,$A44)>0,"Daniel",""),IF(COUNTIF('Fernando'!$B$6:$B$300,$A44)>0,"Fernando",""),IF(COUNTIF('Stephanie'!$B$6:$B$300,$A44)>0,"Stephanie",""),IF(COUNTIF('Fox'!$B$6:$B$300,$A44)>0,"Fox",""),IF(COUNTIF('Bruna'!$B$6:$B$300,$A44)>0,"Bruna",""),IF(COUNTIF('Stella'!$B$6:$B$300,$A44)>0,"Stella",""),IF(COUNTIF('Igor'!$B$6:$B$300,$A44)>0,"Igor",""))) | I44: Em andamento | J44: =IF(OR($A44="",(COUNTIF('Clarice'!$B$6:$B$300,$A44)+COUNTIF('Luisa'!$B$6:$B$300,$A44)+COUNTIF('Lui'!$B$6:$B$300,$A44)+COUNTIF('Thaís'!$B$6:$B$300,$A44)+COUNTIF('Daniel'!$B$6:$B$300,$A44)+COUNTIF('Fernando'!$B$6:$B$300,$A44)+COUNTIF('Stephanie'!$B$6:$B$300,$A44)+COUNTIF('Fox'!$B$6:$B$300,$A44)+COUNTIF('Bruna'!$B$6:$B$300,$A44)+COUNTIF('Stella'!$B$6:$B$300,$A44)+COUNTIF('Igor'!$B$6:$B$300,$A44))=0),"",(COUNTIFS('Clarice'!$B$6:$B$300,$A44,'Clarice'!$F$6:$F$300,"Concluído")+COUNTIFS('Luisa'!$B$6:$B$300,$A44,'Luisa'!$F$6:$F$300,"Concluído")+COUNTIFS('Lui'!$B$6:$B$300,$A44,'Lui'!$F$6:$F$300,"Concluído")+COUNTIFS('Thaís'!$B$6:$B$300,$A44,'Thaís'!$F$6:$F$300,"Concluído")+COUNTIFS('Daniel'!$B$6:$B$300,$A44,'Daniel'!$F$6:$F$300,"Concluído")+COUNTIFS('Fernando'!$B$6:$B$300,$A44,'Fernando'!$F$6:$F$300,"Concluído")+COUNTIFS('Stephanie'!$B$6:$B$300,$A44,'Stephanie'!$F$6:$F$300,"Concluído")+COUNTIFS('Fox'!$B$6:$B$300,$A44,'Fox'!$F$6:$F$300,"Concluído")+COUNTIFS('Bruna'!$B$6:$B$300,$A44,'Bruna'!$F$6:$F$300,"Concluído")+COUNTIFS('Stella'!$B$6:$B$300,$A44,'Stella'!$F$6:$F$300,"Concluído")+COUNTIFS('Igor'!$B$6:$B$300,$A44,'Igor'!$F$6:$F$300,"Concluído"))&" / "&(COUNTIF('Clarice'!$B$6:$B$300,$A44)+COUNTIF('Luisa'!$B$6:$B$300,$A44)+COUNTIF('Lui'!$B$6:$B$300,$A44)+COUNTIF('Thaís'!$B$6:$B$300,$A44)+COUNTIF('Daniel'!$B$6:$B$300,$A44)+COUNTIF('Fernando'!$B$6:$B$300,$A44)+COUNTIF('Stephanie'!$B$6:$B$300,$A44)+COUNTIF('Fox'!$B$6:$B$300,$A44)+COUNTIF('Bruna'!$B$6:$B$300,$A44)+COUNTIF('Stella'!$B$6:$B$300,$A44)+COUNTIF('Igor'!$B$6:$B$300,$A44))) | K44: 46230 | L44: 46234 | P44: =IF($A44="","",IF(M44<>"",M44,IF(K44<>"",K44,""))) | Q44: =IF($A44="","",IF(N44<>"",N44,IF(L44<>"",L44,""))) | S44: {=IF($A44="","",_xlfn.TEXTJOIN(CHAR(10),TRUE,IF('Clarice'!$B$6:$B$300=$A44,"Clarice"&IF('Clarice'!$E$6:$E$300="",""," : "&'Clarice'!$E$6:$E$300)&" ["&'Clarice'!$F$6:$F$300&"]",""),IF('Luisa'!$B$6:$B$300=$A44,"Luisa"&IF('Luisa'!$E$6:$E$300="",""," : "&'Luisa'!$E$6:$E$300)&" ["&'Luisa'!$F$6:$F$300&"]",""),IF('Lui'!$B$6:$B$300=$A44,"Lui"&IF('Lui'!$E$6:$E$300="",""," : "&'Lui'!$E$6:$E$300)&" ["&'Lui'!$F$6:$F$300&"]",""),IF('Thaís'!$B$6:$B$300=$A44,"Thaís"&IF('Thaís'!$E$6:$E$300="",""," : "&'Thaís'!$E$6:$E$300)&" ["&'Thaís'!$F$6:$F$300&"]",""),IF('Daniel'!$B$6:$B$300=$A44,"Daniel"&IF('Daniel'!$E$6:$E$300="",""," : "&'Daniel'!$E$6:$E$300)&" ["&'Daniel'!$F$6:$F$300&"]",""),IF('Fernando'!$B$6:$B$300=$A44,"Fernando"&IF('Fernando'!$E$6:$E$300="",""," : "&'Fernando'!$E$6:$E$300)&" ["&'Fernando'!$F$6:$F$300&"]",""),IF('Stephanie'!$B$6:$B$300=$A44,"Stephanie"&IF('Stephanie'!$E$6:$E$300="",""," : "&'Stephanie'!$E$6:$E$300)&" ["&'Stephanie'!$F$6:$F$300&"]",""),IF('Fox'!$B$6:$B$300=$A44,"Fox"&IF('Fox'!$E$6:$E$300="",""," : "&'Fox'!$E$6:$E$300)&" ["&'Fox'!$F$6:$F$300&"]",""),IF('Bruna'!$B$6:$B$300=$A44,"Bruna"&IF('Bruna'!$E$6:$E$300="",""," : "&'Bruna'!$E$6:$E$300)&" ["&'Bruna'!$F$6:$F$300&"]",""),IF('Stella'!$B$6:$B$300=$A44,"Stella"&IF('Stella'!$E$6:$E$300="",""," : "&'Stella'!$E$6:$E$300)&" ["&'Stella'!$F$6:$F$300&"]",""),IF('Igor'!$B$6:$B$300=$A44,"Igor"&IF('Igor'!$E$6:$E$300="",""," : "&'Igor'!$E$6:$E$300)&" ["&'Igor'!$F$6:$F$300&"]","")))}
A45: EC-016 | B45: Etapa 2: Construção das métricas | Atividade 7: Operacionalização das métricas | Atividade 8: Aplicação das métricas | C45: 2. Aplicação da EC | D45: 2.2 Boaventura e GR3 | E45: Definir as camadas e dados espaciais para aplicação da métrica (Boaventura e GR3) | F45: Clarice | G45: =IF($A45="","",_xlfn.TEXTJOIN("; ",TRUE,IF(COUNTIF('Clarice'!$B$6:$B$300,$A45)>0,"Clarice",""),IF(COUNTIF('Luisa'!$B$6:$B$300,$A45)>0,"Luisa",""),IF(COUNTIF('Lui'!$B$6:$B$300,$A45)>0,"Lui",""),IF(COUNTIF('Thaís'!$B$6:$B$300,$A45)>0,"Thaís",""),IF(COUNTIF('Daniel'!$B$6:$B$300,$A45)>0,"Daniel",""),IF(COUNTIF('Fernando'!$B$6:$B$300,$A45)>0,"Fernando",""),IF(COUNTIF('Stephanie'!$B$6:$B$300,$A45)>0,"Stephanie",""),IF(COUNTIF('Fox'!$B$6:$B$300,$A45)>0,"Fox",""),IF(COUNTIF('Bruna'!$B$6:$B$300,$A45)>0,"Bruna",""),IF(COUNTIF('Stella'!$B$6:$B$300,$A45)>0,"Stella",""),IF(COUNTIF('Igor'!$B$6:$B$300,$A45)>0,"Igor",""))) | I45: Em andamento | J45: =IF(OR($A45="",(COUNTIF('Clarice'!$B$6:$B$300,$A45)+COUNTIF('Luisa'!$B$6:$B$300,$A45)+COUNTIF('Lui'!$B$6:$B$300,$A45)+COUNTIF('Thaís'!$B$6:$B$300,$A45)+COUNTIF('Daniel'!$B$6:$B$300,$A45)+COUNTIF('Fernando'!$B$6:$B$300,$A45)+COUNTIF('Stephanie'!$B$6:$B$300,$A45)+COUNTIF('Fox'!$B$6:$B$300,$A45)+COUNTIF('Bruna'!$B$6:$B$300,$A45)+COUNTIF('Stella'!$B$6:$B$300,$A45)+COUNTIF('Igor'!$B$6:$B$300,$A45))=0),"",(COUNTIFS('Clarice'!$B$6:$B$300,$A45,'Clarice'!$F$6:$F$300,"Concluído")+COUNTIFS('Luisa'!$B$6:$B$300,$A45,'Luisa'!$F$6:$F$300,"Concluído")+COUNTIFS('Lui'!$B$6:$B$300,$A45,'Lui'!$F$6:$F$300,"Concluído")+COUNTIFS('Thaís'!$B$6:$B$300,$A45,'Thaís'!$F$6:$F$300,"Concluído")+COUNTIFS('Daniel'!$B$6:$B$300,$A45,'Daniel'!$F$6:$F$300,"Concluído")+COUNTIFS('Fernando'!$B$6:$B$300,$A45,'Fernando'!$F$6:$F$300,"Concluído")+COUNTIFS('Stephanie'!$B$6:$B$300,$A45,'Stephanie'!$F$6:$F$300,"Concluído")+COUNTIFS('Fox'!$B$6:$B$300,$A45,'Fox'!$F$6:$F$300,"Concluído")+COUNTIFS('Bruna'!$B$6:$B$300,$A45,'Bruna'!$F$6:$F$300,"Concluído")+COUNTIFS('Stella'!$B$6:$B$300,$A45,'Stella'!$F$6:$F$300,"Concluído")+COUNTIFS('Igor'!$B$6:$B$300,$A45,'Igor'!$F$6:$F$300,"Concluído"))&" / "&(COUNTIF('Clarice'!$B$6:$B$300,$A45)+COUNTIF('Luisa'!$B$6:$B$300,$A45)+COUNTIF('Lui'!$B$6:$B$300,$A45)+COUNTIF('Thaís'!$B$6:$B$300,$A45)+COUNTIF('Daniel'!$B$6:$B$300,$A45)+COUNTIF('Fernando'!$B$6:$B$300,$A45)+COUNTIF('Stephanie'!$B$6:$B$300,$A45)+COUNTIF('Fox'!$B$6:$B$300,$A45)+COUNTIF('Bruna'!$B$6:$B$300,$A45)+COUNTIF('Stella'!$B$6:$B$300,$A45)+COUNTIF('Igor'!$B$6:$B$300,$A45))) | K45: 46125 | L45: 46136 | M45: 46125 | N45: 46241 | P45: =IF($A45="","",IF(M45<>"",M45,IF(K45<>"",K45,""))) | Q45: =IF($A45="","",IF(N45<>"",N45,IF(L45<>"",L45,""))) | S45: {=IF($A45="","",_xlfn.TEXTJOIN(CHAR(10),TRUE,IF('Clarice'!$B$6:$B$300=$A45,"Clarice"&IF('Clarice'!$E$6:$E$300="",""," : "&'Clarice'!$E$6:$E$300)&" ["&'Clarice'!$F$6:$F$300&"]",""),IF('Luisa'!$B$6:$B$300=$A45,"Luisa"&IF('Luisa'!$E$6:$E$300="",""," : "&'Luisa'!$E$6:$E$300)&" ["&'Luisa'!$F$6:$F$300&"]",""),IF('Lui'!$B$6:$B$300=$A45,"Lui"&IF('Lui'!$E$6:$E$300="",""," : "&'Lui'!$E$6:$E$300)&" ["&'Lui'!$F$6:$F$300&"]",""),IF('Thaís'!$B$6:$B$300=$A45,"Thaís"&IF('Thaís'!$E$6:$E$300="",""," : "&'Thaís'!$E$6:$E$300)&" ["&'Thaís'!$F$6:$F$300&"]",""),IF('Daniel'!$B$6:$B$300=$A45,"Daniel"&IF('Daniel'!$E$6:$E$300="",""," : "&'Daniel'!$E$6:$E$300)&" ["&'Daniel'!$F$6:$F$300&"]",""),IF('Fernando'!$B$6:$B$300=$A45,"Fernando"&IF('Fernando'!$E$6:$E$300="",""," : "&'Fernando'!$E$6:$E$300)&" ["&'Fernando'!$F$6:$F$300&"]",""),IF('Stephanie'!$B$6:$B$300=$A45,"Stephanie"&IF('Stephanie'!$E$6:$E$300="",""," : "&'Stephanie'!$E$6:$E$300)&" ["&'Stephanie'!$F$6:$F$300&"]",""),IF('Fox'!$B$6:$B$300=$A45,"Fox"&IF('Fox'!$E$6:$E$300="",""," : "&'Fox'!$E$6:$E$300)&" ["&'Fox'!$F$6:$F$300&"]",""),IF('Bruna'!$B$6:$B$300=$A45,"Bruna"&IF('Bruna'!$E$6:$E$300="",""," : "&'Bruna'!$E$6:$E$300)&" ["&'Bruna'!$F$6:$F$300&"]",""),IF('Stella'!$B$6:$B$300=$A45,"Stella"&IF('Stella'!$E$6:$E$300="",""," : "&'Stella'!$E$6:$E$300)&" ["&'Stella'!$F$6:$F$300&"]",""),IF('Igor'!$B$6:$B$300=$A45,"Igor"&IF('Igor'!$E$6:$E$300="",""," : "&'Igor'!$E$6:$E$300)&" ["&'Igor'!$F$6:$F$300&"]","")))}
A46: EC-017 | B46: Etapa 2: Construção das métricas | Atividade 7: Operacionalização das métricas | Atividade 8: Aplicação das métricas | C46: 2. Aplicação da EC | D46: 2.2 Boaventura e GR3 | E46: Obter os dados de supressão e plantio (Boaventura) | F46: Clarice | G46: =IF($A46="","",_xlfn.TEXTJOIN("; ",TRUE,IF(COUNTIF('Clarice'!$B$6:$B$300,$A46)>0,"Clarice",""),IF(COUNTIF('Luisa'!$B$6:$B$300,$A46)>0,"Luisa",""),IF(COUNTIF('Lui'!$B$6:$B$300,$A46)>0,"Lui",""),IF(COUNTIF('Thaís'!$B$6:$B$300,$A46)>0,"Thaís",""),IF(COUNTIF('Daniel'!$B$6:$B$300,$A46)>0,"Daniel",""),IF(COUNTIF('Fernando'!$B$6:$B$300,$A46)>0,"Fernando",""),IF(COUNTIF('Stephanie'!$B$6:$B$300,$A46)>0,"Stephanie",""),IF(COUNTIF('Fox'!$B$6:$B$300,$A46)>0,"Fox",""),IF(COUNTIF('Bruna'!$B$6:$B$300,$A46)>0,"Bruna",""),IF(COUNTIF('Stella'!$B$6:$B$300,$A46)>0,"Stella",""),IF(COUNTIF('Igor'!$B$6:$B$300,$A46)>0,"Igor",""))) | H46: Petrobras | I46: Concluído | J46: =IF(OR($A46="",(COUNTIF('Clarice'!$B$6:$B$300,$A46)+COUNTIF('Luisa'!$B$6:$B$300,$A46)+COUNTIF('Lui'!$B$6:$B$300,$A46)+COUNTIF('Thaís'!$B$6:$B$300,$A46)+COUNTIF('Daniel'!$B$6:$B$300,$A46)+COUNTIF('Fernando'!$B$6:$B$300,$A46)+COUNTIF('Stephanie'!$B$6:$B$300,$A46)+COUNTIF('Fox'!$B$6:$B$300,$A46)+COUNTIF('Bruna'!$B$6:$B$300,$A46)+COUNTIF('Stella'!$B$6:$B$300,$A46)+COUNTIF('Igor'!$B$6:$B$300,$A46))=0),"",(COUNTIFS('Clarice'!$B$6:$B$300,$A46,'Clarice'!$F$6:$F$300,"Concluído")+COUNTIFS('Luisa'!$B$6:$B$300,$A46,'Luisa'!$F$6:$F$300,"Concluído")+COUNTIFS('Lui'!$B$6:$B$300,$A46,'Lui'!$F$6:$F$300,"Concluído")+COUNTIFS('Thaís'!$B$6:$B$300,$A46,'Thaís'!$F$6:$F$300,"Concluído")+COUNTIFS('Daniel'!$B$6:$B$300,$A46,'Daniel'!$F$6:$F$300,"Concluído")+COUNTIFS('Fernando'!$B$6:$B$300,$A46,'Fernando'!$F$6:$F$300,"Concluído")+COUNTIFS('Stephanie'!$B$6:$B$300,$A46,'Stephanie'!$F$6:$F$300,"Concluído")+COUNTIFS('Fox'!$B$6:$B$300,$A46,'Fox'!$F$6:$F$300,"Concluído")+COUNTIFS('Bruna'!$B$6:$B$300,$A46,'Bruna'!$F$6:$F$300,"Concluído")+COUNTIFS('Stella'!$B$6:$B$300,$A46,'Stella'!$F$6:$F$300,"Concluído")+COUNTIFS('Igor'!$B$6:$B$300,$A46,'Igor'!$F$6:$F$300,"Concluído"))&" / "&(COUNTIF('Clarice'!$B$6:$B$300,$A46)+COUNTIF('Luisa'!$B$6:$B$300,$A46)+COUNTIF('Lui'!$B$6:$B$300,$A46)+COUNTIF('Thaís'!$B$6:$B$300,$A46)+COUNTIF('Daniel'!$B$6:$B$300,$A46)+COUNTIF('Fernando'!$B$6:$B$300,$A46)+COUNTIF('Stephanie'!$B$6:$B$300,$A46)+COUNTIF('Fox'!$B$6:$B$300,$A46)+COUNTIF('Bruna'!$B$6:$B$300,$A46)+COUNTIF('Stella'!$B$6:$B$300,$A46)+COUNTIF('Igor'!$B$6:$B$300,$A46))) | K46: 46097 | L46: 46112 | M46: 46097 | N46: 46192 | P46: =IF($A46="","",IF(M46<>"",M46,IF(K46<>"",K46,""))) | Q46: =IF($A46="","",IF(N46<>"",N46,IF(L46<>"",L46,""))) | S46: {=IF($A46="","",_xlfn.TEXTJOIN(CHAR(10),TRUE,IF('Clarice'!$B$6:$B$300=$A46,"Clarice"&IF('Clarice'!$E$6:$E$300="",""," : "&'Clarice'!$E$6:$E$300)&" ["&'Clarice'!$F$6:$F$300&"]",""),IF('Luisa'!$B$6:$B$300=$A46,"Luisa"&IF('Luisa'!$E$6:$E$300="",""," : "&'Luisa'!$E$6:$E$300)&" ["&'Luisa'!$F$6:$F$300&"]",""),IF('Lui'!$B$6:$B$300=$A46,"Lui"&IF('Lui'!$E$6:$E$300="",""," : "&'Lui'!$E$6:$E$300)&" ["&'Lui'!$F$6:$F$300&"]",""),IF('Thaís'!$B$6:$B$300=$A46,"Thaís"&IF('Thaís'!$E$6:$E$300="",""," : "&'Thaís'!$E$6:$E$300)&" ["&'Thaís'!$F$6:$F$300&"]",""),IF('Daniel'!$B$6:$B$300=$A46,"Daniel"&IF('Daniel'!$E$6:$E$300="",""," : "&'Daniel'!$E$6:$E$300)&" ["&'Daniel'!$F$6:$F$300&"]",""),IF('Fernando'!$B$6:$B$300=$A46,"Fernando"&IF('Fernando'!$E$6:$E$300="",""," : "&'Fernando'!$E$6:$E$300)&" ["&'Fernando'!$F$6:$F$300&"]",""),IF('Stephanie'!$B$6:$B$300=$A46,"Stephanie"&IF('Stephanie'!$E$6:$E$300="",""," : "&'Stephanie'!$E$6:$E$300)&" ["&'Stephanie'!$F$6:$F$300&"]",""),IF('Fox'!$B$6:$B$300=$A46,"Fox"&IF('Fox'!$E$6:$E$300="",""," : "&'Fox'!$E$6:$E$300)&" ["&'Fox'!$F$6:$F$300&"]",""),IF('Bruna'!$B$6:$B$300=$A46,"Bruna"&IF('Bruna'!$E$6:$E$300="",""," : "&'Bruna'!$E$6:$E$300)&" ["&'Bruna'!$F$6:$F$300&"]",""),IF('Stella'!$B$6:$B$300=$A46,"Stella"&IF('Stella'!$E$6:$E$300="",""," : "&'Stella'!$E$6:$E$300)&" ["&'Stella'!$F$6:$F$300&"]",""),IF('Igor'!$B$6:$B$300=$A46,"Igor"&IF('Igor'!$E$6:$E$300="",""," : "&'Igor'!$E$6:$E$300)&" ["&'Igor'!$F$6:$F$300&"]","")))}
A47: EC-018 | B47: Etapa 2: Construção das métricas | Atividade 7: Operacionalização das métricas | Atividade 8: Aplicação das métricas | C47: 2. Aplicação da EC | D47: 2.2 Boaventura e GR3 | E47: Preparar os dados espaciais (rasters e shape) para os cenários a serem avaliados (Boaventura e GR3) | F47: Clarice | G47: =IF($A47="","",_xlfn.TEXTJOIN("; ",TRUE,IF(COUNTIF('Clarice'!$B$6:$B$300,$A47)>0,"Clarice",""),IF(COUNTIF('Luisa'!$B$6:$B$300,$A47)>0,"Luisa",""),IF(COUNTIF('Lui'!$B$6:$B$300,$A47)>0,"Lui",""),IF(COUNTIF('Thaís'!$B$6:$B$300,$A47)>0,"Thaís",""),IF(COUNTIF('Daniel'!$B$6:$B$300,$A47)>0,"Daniel",""),IF(COUNTIF('Fernando'!$B$6:$B$300,$A47)>0,"Fernando",""),IF(COUNTIF('Stephanie'!$B$6:$B$300,$A47)>0,"Stephanie",""),IF(COUNTIF('Fox'!$B$6:$B$300,$A47)>0,"Fox",""),IF(COUNTIF('Bruna'!$B$6:$B$300,$A47)>0,"Bruna",""),IF(COUNTIF('Stella'!$B$6:$B$300,$A47)>0,"Stella",""),IF(COUNTIF('Igor'!$B$6:$B$300,$A47)>0,"Igor",""))) | I47: Não iniciado | J47: =IF(OR($A47="",(COUNTIF('Clarice'!$B$6:$B$300,$A47)+COUNTIF('Luisa'!$B$6:$B$300,$A47)+COUNTIF('Lui'!$B$6:$B$300,$A47)+COUNTIF('Thaís'!$B$6:$B$300,$A47)+COUNTIF('Daniel'!$B$6:$B$300,$A47)+COUNTIF('Fernando'!$B$6:$B$300,$A47)+COUNTIF('Stephanie'!$B$6:$B$300,$A47)+COUNTIF('Fox'!$B$6:$B$300,$A47)+COUNTIF('Bruna'!$B$6:$B$300,$A47)+COUNTIF('Stella'!$B$6:$B$300,$A47)+COUNTIF('Igor'!$B$6:$B$300,$A47))=0),"",(COUNTIFS('Clarice'!$B$6:$B$300,$A47,'Clarice'!$F$6:$F$300,"Concluído")+COUNTIFS('Luisa'!$B$6:$B$300,$A47,'Luisa'!$F$6:$F$300,"Concluído")+COUNTIFS('Lui'!$B$6:$B$300,$A47,'Lui'!$F$6:$F$300,"Concluído")+COUNTIFS('Thaís'!$B$6:$B$300,$A47,'Thaís'!$F$6:$F$300,"Concluído")+COUNTIFS('Daniel'!$B$6:$B$300,$A47,'Daniel'!$F$6:$F$300,"Concluído")+COUNTIFS('Fernando'!$B$6:$B$300,$A47,'Fernando'!$F$6:$F$300,"Concluído")+COUNTIFS('Stephanie'!$B$6:$B$300,$A47,'Stephanie'!$F$6:$F$300,"Concluído")+COUNTIFS('Fox'!$B$6:$B$300,$A47,'Fox'!$F$6:$F$300,"Concluído")+COUNTIFS('Bruna'!$B$6:$B$300,$A47,'Bruna'!$F$6:$F$300,"Concluído")+COUNTIFS('Stella'!$B$6:$B$300,$A47,'Stella'!$F$6:$F$300,"Concluído")+COUNTIFS('Igor'!$B$6:$B$300,$A47,'Igor'!$F$6:$F$300,"Concluído"))&" / "&(COUNTIF('Clarice'!$B$6:$B$300,$A47)+COUNTIF('Luisa'!$B$6:$B$300,$A47)+COUNTIF('Lui'!$B$6:$B$300,$A47)+COUNTIF('Thaís'!$B$6:$B$300,$A47)+COUNTIF('Daniel'!$B$6:$B$300,$A47)+COUNTIF('Fernando'!$B$6:$B$300,$A47)+COUNTIF('Stephanie'!$B$6:$B$300,$A47)+COUNTIF('Fox'!$B$6:$B$300,$A47)+COUNTIF('Bruna'!$B$6:$B$300,$A47)+COUNTIF('Stella'!$B$6:$B$300,$A47)+COUNTIF('Igor'!$B$6:$B$300,$A47))) | K47: 46118 | L47: 46142 | M47: 46118 | N47: 46227 | P47: =IF($A47="","",IF(M47<>"",M47,IF(K47<>"",K47,""))) | Q47: =IF($A47="","",IF(N47<>"",N47,IF(L47<>"",L47,""))) | S47: {=IF($A47="","",_xlfn.TEXTJOIN(CHAR(10),TRUE,IF('Clarice'!$B$6:$B$300=$A47,"Clarice"&IF('Clarice'!$E$6:$E$300="",""," : "&'Clarice'!$E$6:$E$300)&" ["&'Clarice'!$F$6:$F$300&"]",""),IF('Luisa'!$B$6:$B$300=$A47,"Luisa"&IF('Luisa'!$E$6:$E$300="",""," : "&'Luisa'!$E$6:$E$300)&" ["&'Luisa'!$F$6:$F$300&"]",""),IF('Lui'!$B$6:$B$300=$A47,"Lui"&IF('Lui'!$E$6:$E$300="",""," : "&'Lui'!$E$6:$E$300)&" ["&'Lui'!$F$6:$F$300&"]",""),IF('Thaís'!$B$6:$B$300=$A47,"Thaís"&IF('Thaís'!$E$6:$E$300="",""," : "&'Thaís'!$E$6:$E$300)&" ["&'Thaís'!$F$6:$F$300&"]",""),IF('Daniel'!$B$6:$B$300=$A47,"Daniel"&IF('Daniel'!$E$6:$E$300="",""," : "&'Daniel'!$E$6:$E$300)&" ["&'Daniel'!$F$6:$F$300&"]",""),IF('Fernando'!$B$6:$B$300=$A47,"Fernando"&IF('Fernando'!$E$6:$E$300="",""," : "&'Fernando'!$E$6:$E$300)&" ["&'Fernando'!$F$6:$F$300&"]",""),IF('Stephanie'!$B$6:$B$300=$A47,"Stephanie"&IF('Stephanie'!$E$6:$E$300="",""," : "&'Stephanie'!$E$6:$E$300)&" ["&'Stephanie'!$F$6:$F$300&"]",""),IF('Fox'!$B$6:$B$300=$A47,"Fox"&IF('Fox'!$E$6:$E$300="",""," : "&'Fox'!$E$6:$E$300)&" ["&'Fox'!$F$6:$F$300&"]",""),IF('Bruna'!$B$6:$B$300=$A47,"Bruna"&IF('Bruna'!$E$6:$E$300="",""," : "&'Bruna'!$E$6:$E$300)&" ["&'Bruna'!$F$6:$F$300&"]",""),IF('Stella'!$B$6:$B$300=$A47,"Stella"&IF('Stella'!$E$6:$E$300="",""," : "&'Stella'!$E$6:$E$300)&" ["&'Stella'!$F$6:$F$300&"]",""),IF('Igor'!$B$6:$B$300=$A47,"Igor"&IF('Igor'!$E$6:$E$300="",""," : "&'Igor'!$E$6:$E$300)&" ["&'Igor'!$F$6:$F$300&"]","")))}
A48: EC-019 | B48: Etapa 2: Construção das métricas | Atividade 7: Operacionalização das métricas | Atividade 8: Aplicação das métricas | C48: 2. Aplicação da EC | D48: 2.2 Boaventura e GR3 | E48: Rodar as análises no R (Boaventura e GR3) | F48: Clarice | G48: =IF($A48="","",_xlfn.TEXTJOIN("; ",TRUE,IF(COUNTIF('Clarice'!$B$6:$B$300,$A48)>0,"Clarice",""),IF(COUNTIF('Luisa'!$B$6:$B$300,$A48)>0,"Luisa",""),IF(COUNTIF('Lui'!$B$6:$B$300,$A48)>0,"Lui",""),IF(COUNTIF('Thaís'!$B$6:$B$300,$A48)>0,"Thaís",""),IF(COUNTIF('Daniel'!$B$6:$B$300,$A48)>0,"Daniel",""),IF(COUNTIF('Fernando'!$B$6:$B$300,$A48)>0,"Fernando",""),IF(COUNTIF('Stephanie'!$B$6:$B$300,$A48)>0,"Stephanie",""),IF(COUNTIF('Fox'!$B$6:$B$300,$A48)>0,"Fox",""),IF(COUNTIF('Bruna'!$B$6:$B$300,$A48)>0,"Bruna",""),IF(COUNTIF('Stella'!$B$6:$B$300,$A48)>0,"Stella",""),IF(COUNTIF('Igor'!$B$6:$B$300,$A48)>0,"Igor",""))) | I48: Não iniciado | J48: =IF(OR($A48="",(COUNTIF('Clarice'!$B$6:$B$300,$A48)+COUNTIF('Luisa'!$B$6:$B$300,$A48)+COUNTIF('Lui'!$B$6:$B$300,$A48)+COUNTIF('Thaís'!$B$6:$B$300,$A48)+COUNTIF('Daniel'!$B$6:$B$300,$A48)+COUNTIF('Fernando'!$B$6:$B$300,$A48)+COUNTIF('Stephanie'!$B$6:$B$300,$A48)+COUNTIF('Fox'!$B$6:$B$300,$A48)+COUNTIF('Bruna'!$B$6:$B$300,$A48)+COUNTIF('Stella'!$B$6:$B$300,$A48)+COUNTIF('Igor'!$B$6:$B$300,$A48))=0),"",(COUNTIFS('Clarice'!$B$6:$B$300,$A48,'Clarice'!$F$6:$F$300,"Concluído")+COUNTIFS('Luisa'!$B$6:$B$300,$A48,'Luisa'!$F$6:$F$300,"Concluído")+COUNTIFS('Lui'!$B$6:$B$300,$A48,'Lui'!$F$6:$F$300,"Concluído")+COUNTIFS('Thaís'!$B$6:$B$300,$A48,'Thaís'!$F$6:$F$300,"Concluído")+COUNTIFS('Daniel'!$B$6:$B$300,$A48,'Daniel'!$F$6:$F$300,"Concluído")+COUNTIFS('Fernando'!$B$6:$B$300,$A48,'Fernando'!$F$6:$F$300,"Concluído")+COUNTIFS('Stephanie'!$B$6:$B$300,$A48,'Stephanie'!$F$6:$F$300,"Concluído")+COUNTIFS('Fox'!$B$6:$B$300,$A48,'Fox'!$F$6:$F$300,"Concluído")+COUNTIFS('Bruna'!$B$6:$B$300,$A48,'Bruna'!$F$6:$F$300,"Concluído")+COUNTIFS('Stella'!$B$6:$B$300,$A48,'Stella'!$F$6:$F$300,"Concluído")+COUNTIFS('Igor'!$B$6:$B$300,$A48,'Igor'!$F$6:$F$300,"Concluído"))&" / "&(COUNTIF('Clarice'!$B$6:$B$300,$A48)+COUNTIF('Luisa'!$B$6:$B$300,$A48)+COUNTIF('Lui'!$B$6:$B$300,$A48)+COUNTIF('Thaís'!$B$6:$B$300,$A48)+COUNTIF('Daniel'!$B$6:$B$300,$A48)+COUNTIF('Fernando'!$B$6:$B$300,$A48)+COUNTIF('Stephanie'!$B$6:$B$300,$A48)+COUNTIF('Fox'!$B$6:$B$300,$A48)+COUNTIF('Bruna'!$B$6:$B$300,$A48)+COUNTIF('Stella'!$B$6:$B$300,$A48)+COUNTIF('Igor'!$B$6:$B$300,$A48))) | K48: 46139 | L48: 46157 | M48: 46139 | N48: 46283 | P48: =IF($A48="","",IF(M48<>"",M48,IF(K48<>"",K48,""))) | Q48: =IF($A48="","",IF(N48<>"",N48,IF(L48<>"",L48,""))) | S48: {=IF($A48="","",_xlfn.TEXTJOIN(CHAR(10),TRUE,IF('Clarice'!$B$6:$B$300=$A48,"Clarice"&IF('Clarice'!$E$6:$E$300="",""," : "&'Clarice'!$E$6:$E$300)&" ["&'Clarice'!$F$6:$F$300&"]",""),IF('Luisa'!$B$6:$B$300=$A48,"Luisa"&IF('Luisa'!$E$6:$E$300="",""," : "&'Luisa'!$E$6:$E$300)&" ["&'Luisa'!$F$6:$F$300&"]",""),IF('Lui'!$B$6:$B$300=$A48,"Lui"&IF('Lui'!$E$6:$E$300="",""," : "&'Lui'!$E$6:$E$300)&" ["&'Lui'!$F$6:$F$300&"]",""),IF('Thaís'!$B$6:$B$300=$A48,"Thaís"&IF('Thaís'!$E$6:$E$300="",""," : "&'Thaís'!$E$6:$E$300)&" ["&'Thaís'!$F$6:$F$300&"]",""),IF('Daniel'!$B$6:$B$300=$A48,"Daniel"&IF('Daniel'!$E$6:$E$300="",""," : "&'Daniel'!$E$6:$E$300)&" ["&'Daniel'!$F$6:$F$300&"]",""),IF('Fernando'!$B$6:$B$300=$A48,"Fernando"&IF('Fernando'!$E$6:$E$300="",""," : "&'Fernando'!$E$6:$E$300)&" ["&'Fernando'!$F$6:$F$300&"]",""),IF('Stephanie'!$B$6:$B$300=$A48,"Stephanie"&IF('Stephanie'!$E$6:$E$300="",""," : "&'Stephanie'!$E$6:$E$300)&" ["&'Stephanie'!$F$6:$F$300&"]",""),IF('Fox'!$B$6:$B$300=$A48,"Fox"&IF('Fox'!$E$6:$E$300="",""," : "&'Fox'!$E$6:$E$300)&" ["&'Fox'!$F$6:$F$300&"]",""),IF('Bruna'!$B$6:$B$300=$A48,"Bruna"&IF('Bruna'!$E$6:$E$300="",""," : "&'Bruna'!$E$6:$E$300)&" ["&'Bruna'!$F$6:$F$300&"]",""),IF('Stella'!$B$6:$B$300=$A48,"Stella"&IF('Stella'!$E$6:$E$300="",""," : "&'Stella'!$E$6:$E$300)&" ["&'Stella'!$F$6:$F$300&"]",""),IF('Igor'!$B$6:$B$300=$A48,"Igor"&IF('Igor'!$E$6:$E$300="",""," : "&'Igor'!$E$6:$E$300)&" ["&'Igor'!$F$6:$F$300&"]","")))}
A49: EC-020 | B49: Etapa 2: Construção das métricas | Atividade 7: Operacionalização das métricas | Atividade 8: Aplicação das métricas | C49: 2. Aplicação da EC | D49: 2.2 Boaventura e GR3 | E49: Consolidar os resultados e apresentar internamente (Boaventura e GR3) | F49: Clarice | G49: =IF($A49="","",_xlfn.TEXTJOIN("; ",TRUE,IF(COUNTIF('Clarice'!$B$6:$B$300,$A49)>0,"Clarice",""),IF(COUNTIF('Luisa'!$B$6:$B$300,$A49)>0,"Luisa",""),IF(COUNTIF('Lui'!$B$6:$B$300,$A49)>0,"Lui",""),IF(COUNTIF('Thaís'!$B$6:$B$300,$A49)>0,"Thaís",""),IF(COUNTIF('Daniel'!$B$6:$B$300,$A49)>0,"Daniel",""),IF(COUNTIF('Fernando'!$B$6:$B$300,$A49)>0,"Fernando",""),IF(COUNTIF('Stephanie'!$B$6:$B$300,$A49)>0,"Stephanie",""),IF(COUNTIF('Fox'!$B$6:$B$300,$A49)>0,"Fox",""),IF(COUNTIF('Bruna'!$B$6:$B$300,$A49)>0,"Bruna",""),IF(COUNTIF('Stella'!$B$6:$B$300,$A49)>0,"Stella",""),IF(COUNTIF('Igor'!$B$6:$B$300,$A49)>0,"Igor",""))) | I49: Não iniciado | J49: =IF(OR($A49="",(COUNTIF('Clarice'!$B$6:$B$300,$A49)+COUNTIF('Luisa'!$B$6:$B$300,$A49)+COUNTIF('Lui'!$B$6:$B$300,$A49)+COUNTIF('Thaís'!$B$6:$B$300,$A49)+COUNTIF('Daniel'!$B$6:$B$300,$A49)+COUNTIF('Fernando'!$B$6:$B$300,$A49)+COUNTIF('Stephanie'!$B$6:$B$300,$A49)+COUNTIF('Fox'!$B$6:$B$300,$A49)+COUNTIF('Bruna'!$B$6:$B$300,$A49)+COUNTIF('Stella'!$B$6:$B$300,$A49)+COUNTIF('Igor'!$B$6:$B$300,$A49))=0),"",(COUNTIFS('Clarice'!$B$6:$B$300,$A49,'Clarice'!$F$6:$F$300,"Concluído")+COUNTIFS('Luisa'!$B$6:$B$300,$A49,'Luisa'!$F$6:$F$300,"Concluído")+COUNTIFS('Lui'!$B$6:$B$300,$A49,'Lui'!$F$6:$F$300,"Concluído")+COUNTIFS('Thaís'!$B$6:$B$300,$A49,'Thaís'!$F$6:$F$300,"Concluído")+COUNTIFS('Daniel'!$B$6:$B$300,$A49,'Daniel'!$F$6:$F$300,"Concluído")+COUNTIFS('Fernando'!$B$6:$B$300,$A49,'Fernando'!$F$6:$F$300,"Concluído")+COUNTIFS('Stephanie'!$B$6:$B$300,$A49,'Stephanie'!$F$6:$F$300,"Concluído")+COUNTIFS('Fox'!$B$6:$B$300,$A49,'Fox'!$F$6:$F$300,"Concluído")+COUNTIFS('Bruna'!$B$6:$B$300,$A49,'Bruna'!$F$6:$F$300,"Concluído")+COUNTIFS('Stella'!$B$6:$B$300,$A49,'Stella'!$F$6:$F$300,"Concluído")+COUNTIFS('Igor'!$B$6:$B$300,$A49,'Igor'!$F$6:$F$300,"Concluído"))&" / "&(COUNTIF('Clarice'!$B$6:$B$300,$A49)+COUNTIF('Luisa'!$B$6:$B$300,$A49)+COUNTIF('Lui'!$B$6:$B$300,$A49)+COUNTIF('Thaís'!$B$6:$B$300,$A49)+COUNTIF('Daniel'!$B$6:$B$300,$A49)+COUNTIF('Fernando'!$B$6:$B$300,$A49)+COUNTIF('Stephanie'!$B$6:$B$300,$A49)+COUNTIF('Fox'!$B$6:$B$300,$A49)+COUNTIF('Bruna'!$B$6:$B$300,$A49)+COUNTIF('Stella'!$B$6:$B$300,$A49)+COUNTIF('Igor'!$B$6:$B$300,$A49))) | K49: 46160 | L49: 46171 | M49: 46160 | N49: 46283 | P49: =IF($A49="","",IF(M49<>"",M49,IF(K49<>"",K49,""))) | Q49: =IF($A49="","",IF(N49<>"",N49,IF(L49<>"",L49,""))) | S49: {=IF($A49="","",_xlfn.TEXTJOIN(CHAR(10),TRUE,IF('Clarice'!$B$6:$B$300=$A49,"Clarice"&IF('Clarice'!$E$6:$E$300="",""," : "&'Clarice'!$E$6:$E$300)&" ["&'Clarice'!$F$6:$F$300&"]",""),IF('Luisa'!$B$6:$B$300=$A49,"Luisa"&IF('Luisa'!$E$6:$E$300="",""," : "&'Luisa'!$E$6:$E$300)&" ["&'Luisa'!$F$6:$F$300&"]",""),IF('Lui'!$B$6:$B$300=$A49,"Lui"&IF('Lui'!$E$6:$E$300="",""," : "&'Lui'!$E$6:$E$300)&" ["&'Lui'!$F$6:$F$300&"]",""),IF('Thaís'!$B$6:$B$300=$A49,"Thaís"&IF('Thaís'!$E$6:$E$300="",""," : "&'Thaís'!$E$6:$E$300)&" ["&'Thaís'!$F$6:$F$300&"]",""),IF('Daniel'!$B$6:$B$300=$A49,"Daniel"&IF('Daniel'!$E$6:$E$300="",""," : "&'Daniel'!$E$6:$E$300)&" ["&'Daniel'!$F$6:$F$300&"]",""),IF('Fernando'!$B$6:$B$300=$A49,"Fernando"&IF('Fernando'!$E$6:$E$300="",""," : "&'Fernando'!$E$6:$E$300)&" ["&'Fernando'!$F$6:$F$300&"]",""),IF('Stephanie'!$B$6:$B$300=$A49,"Stephanie"&IF('Stephanie'!$E$6:$E$300="",""," : "&'Stephanie'!$E$6:$E$300)&" ["&'Stephanie'!$F$6:$F$300&"]",""),IF('Fox'!$B$6:$B$300=$A49,"Fox"&IF('Fox'!$E$6:$E$300="",""," : "&'Fox'!$E$6:$E$300)&" ["&'Fox'!$F$6:$F$300&"]",""),IF('Bruna'!$B$6:$B$300=$A49,"Bruna"&IF('Bruna'!$E$6:$E$300="",""," : "&'Bruna'!$E$6:$E$300)&" ["&'Bruna'!$F$6:$F$300&"]",""),IF('Stella'!$B$6:$B$300=$A49,"Stella"&IF('Stella'!$E$6:$E$300="",""," : "&'Stella'!$E$6:$E$300)&" ["&'Stella'!$F$6:$F$300&"]",""),IF('Igor'!$B$6:$B$300=$A49,"Igor"&IF('Igor'!$E$6:$E$300="",""," : "&'Igor'!$E$6:$E$300)&" ["&'Igor'!$F$6:$F$300&"]","")))}
A50: EC-021 | B50: Etapa 2: Construção das métricas | Atividade 7: Operacionalização das métricas | Atividade 8: Aplicação das métricas | C50: 2. Aplicação da EC | D50: 2.2 Boaventura e GR3 | E50: Apresentar os resultados para a Petrobras (Boaventura e GR3) | F50: Clarice | G50: =IF($A50="","",_xlfn.TEXTJOIN("; ",TRUE,IF(COUNTIF('Clarice'!$B$6:$B$300,$A50)>0,"Clarice",""),IF(COUNTIF('Luisa'!$B$6:$B$300,$A50)>0,"Luisa",""),IF(COUNTIF('Lui'!$B$6:$B$300,$A50)>0,"Lui",""),IF(COUNTIF('Thaís'!$B$6:$B$300,$A50)>0,"Thaís",""),IF(COUNTIF('Daniel'!$B$6:$B$300,$A50)>0,"Daniel",""),IF(COUNTIF('Fernando'!$B$6:$B$300,$A50)>0,"Fernando",""),IF(COUNTIF('Stephanie'!$B$6:$B$300,$A50)>0,"Stephanie",""),IF(COUNTIF('Fox'!$B$6:$B$300,$A50)>0,"Fox",""),IF(COUNTIF('Bruna'!$B$6:$B$300,$A50)>0,"Bruna",""),IF(COUNTIF('Stella'!$B$6:$B$300,$A50)>0,"Stella",""),IF(COUNTIF('Igor'!$B$6:$B$300,$A50)>0,"Igor",""))) | I50: Não iniciado | J50: =IF(OR($A50="",(COUNTIF('Clarice'!$B$6:$B$300,$A50)+COUNTIF('Luisa'!$B$6:$B$300,$A50)+COUNTIF('Lui'!$B$6:$B$300,$A50)+COUNTIF('Thaís'!$B$6:$B$300,$A50)+COUNTIF('Daniel'!$B$6:$B$300,$A50)+COUNTIF('Fernando'!$B$6:$B$300,$A50)+COUNTIF('Stephanie'!$B$6:$B$300,$A50)+COUNTIF('Fox'!$B$6:$B$300,$A50)+COUNTIF('Bruna'!$B$6:$B$300,$A50)+COUNTIF('Stella'!$B$6:$B$300,$A50)+COUNTIF('Igor'!$B$6:$B$300,$A50))=0),"",(COUNTIFS('Clarice'!$B$6:$B$300,$A50,'Clarice'!$F$6:$F$300,"Concluído")+COUNTIFS('Luisa'!$B$6:$B$300,$A50,'Luisa'!$F$6:$F$300,"Concluído")+COUNTIFS('Lui'!$B$6:$B$300,$A50,'Lui'!$F$6:$F$300,"Concluído")+COUNTIFS('Thaís'!$B$6:$B$300,$A50,'Thaís'!$F$6:$F$300,"Concluído")+COUNTIFS('Daniel'!$B$6:$B$300,$A50,'Daniel'!$F$6:$F$300,"Concluído")+COUNTIFS('Fernando'!$B$6:$B$300,$A50,'Fernando'!$F$6:$F$300,"Concluído")+COUNTIFS('Stephanie'!$B$6:$B$300,$A50,'Stephanie'!$F$6:$F$300,"Concluído")+COUNTIFS('Fox'!$B$6:$B$300,$A50,'Fox'!$F$6:$F$300,"Concluído")+COUNTIFS('Bruna'!$B$6:$B$300,$A50,'Bruna'!$F$6:$F$300,"Concluído")+COUNTIFS('Stella'!$B$6:$B$300,$A50,'Stella'!$F$6:$F$300,"Concluído")+COUNTIFS('Igor'!$B$6:$B$300,$A50,'Igor'!$F$6:$F$300,"Concluído"))&" / "&(COUNTIF('Clarice'!$B$6:$B$300,$A50)+COUNTIF('Luisa'!$B$6:$B$300,$A50)+COUNTIF('Lui'!$B$6:$B$300,$A50)+COUNTIF('Thaís'!$B$6:$B$300,$A50)+COUNTIF('Daniel'!$B$6:$B$300,$A50)+COUNTIF('Fernando'!$B$6:$B$300,$A50)+COUNTIF('Stephanie'!$B$6:$B$300,$A50)+COUNTIF('Fox'!$B$6:$B$300,$A50)+COUNTIF('Bruna'!$B$6:$B$300,$A50)+COUNTIF('Stella'!$B$6:$B$300,$A50)+COUNTIF('Igor'!$B$6:$B$300,$A50))) | K50: 46167 | L50: 46171 | M50: 46167 | N50: 46290 | P50: =IF($A50="","",IF(M50<>"",M50,IF(K50<>"",K50,""))) | Q50: =IF($A50="","",IF(N50<>"",N50,IF(L50<>"",L50,""))) | S50: {=IF($A50="","",_xlfn.TEXTJOIN(CHAR(10),TRUE,IF('Clarice'!$B$6:$B$300=$A50,"Clarice"&IF('Clarice'!$E$6:$E$300="",""," : "&'Clarice'!$E$6:$E$300)&" ["&'Clarice'!$F$6:$F$300&"]",""),IF('Luisa'!$B$6:$B$300=$A50,"Luisa"&IF('Luisa'!$E$6:$E$300="",""," : "&'Luisa'!$E$6:$E$300)&" ["&'Luisa'!$F$6:$F$300&"]",""),IF('Lui'!$B$6:$B$300=$A50,"Lui"&IF('Lui'!$E$6:$E$300="",""," : "&'Lui'!$E$6:$E$300)&" ["&'Lui'!$F$6:$F$300&"]",""),IF('Thaís'!$B$6:$B$300=$A50,"Thaís"&IF('Thaís'!$E$6:$E$300="",""," : "&'Thaís'!$E$6:$E$300)&" ["&'Thaís'!$F$6:$F$300&"]",""),IF('Daniel'!$B$6:$B$300=$A50,"Daniel"&IF('Daniel'!$E$6:$E$300="",""," : "&'Daniel'!$E$6:$E$300)&" ["&'Daniel'!$F$6:$F$300&"]",""),IF('Fernando'!$B$6:$B$300=$A50,"Fernando"&IF('Fernando'!$E$6:$E$300="",""," : "&'Fernando'!$E$6:$E$300)&" ["&'Fernando'!$F$6:$F$300&"]",""),IF('Stephanie'!$B$6:$B$300=$A50,"Stephanie"&IF('Stephanie'!$E$6:$E$300="",""," : "&'Stephanie'!$E$6:$E$300)&" ["&'Stephanie'!$F$6:$F$300&"]",""),IF('Fox'!$B$6:$B$300=$A50,"Fox"&IF('Fox'!$E$6:$E$300="",""," : "&'Fox'!$E$6:$E$300)&" ["&'Fox'!$F$6:$F$300&"]",""),IF('Bruna'!$B$6:$B$300=$A50,"Bruna"&IF('Bruna'!$E$6:$E$300="",""," : "&'Bruna'!$E$6:$E$300)&" ["&'Bruna'!$F$6:$F$300&"]",""),IF('Stella'!$B$6:$B$300=$A50,"Stella"&IF('Stella'!$E$6:$E$300="",""," : "&'Stella'!$E$6:$E$300)&" ["&'Stella'!$F$6:$F$300&"]",""),IF('Igor'!$B$6:$B$300=$A50,"Igor"&IF('Igor'!$E$6:$E$300="",""," : "&'Igor'!$E$6:$E$300)&" ["&'Igor'!$F$6:$F$300&"]","")))}
A51: EC-022 | B51: Etapa 2: Construção das métricas | Atividade 7: Operacionalização das métricas | Atividade 8: Aplicação das métricas | C51: 2. Aplicação da EC | D51: 2.2 Boaventura e GR3 | E51: Fazer os ajustes necessários (Boaventura e GR3) | F51: Clarice | G51: =IF($A51="","",_xlfn.TEXTJOIN("; ",TRUE,IF(COUNTIF('Clarice'!$B$6:$B$300,$A51)>0,"Clarice",""),IF(COUNTIF('Luisa'!$B$6:$B$300,$A51)>0,"Luisa",""),IF(COUNTIF('Lui'!$B$6:$B$300,$A51)>0,"Lui",""),IF(COUNTIF('Thaís'!$B$6:$B$300,$A51)>0,"Thaís",""),IF(COUNTIF('Daniel'!$B$6:$B$300,$A51)>0,"Daniel",""),IF(COUNTIF('Fernando'!$B$6:$B$300,$A51)>0,"Fernando",""),IF(COUNTIF('Stephanie'!$B$6:$B$300,$A51)>0,"Stephanie",""),IF(COUNTIF('Fox'!$B$6:$B$300,$A51)>0,"Fox",""),IF(COUNTIF('Bruna'!$B$6:$B$300,$A51)>0,"Bruna",""),IF(COUNTIF('Stella'!$B$6:$B$300,$A51)>0,"Stella",""),IF(COUNTIF('Igor'!$B$6:$B$300,$A51)>0,"Igor",""))) | I51: Não iniciado | J51: =IF(OR($A51="",(COUNTIF('Clarice'!$B$6:$B$300,$A51)+COUNTIF('Luisa'!$B$6:$B$300,$A51)+COUNTIF('Lui'!$B$6:$B$300,$A51)+COUNTIF('Thaís'!$B$6:$B$300,$A51)+COUNTIF('Daniel'!$B$6:$B$300,$A51)+COUNTIF('Fernando'!$B$6:$B$300,$A51)+COUNTIF('Stephanie'!$B$6:$B$300,$A51)+COUNTIF('Fox'!$B$6:$B$300,$A51)+COUNTIF('Bruna'!$B$6:$B$300,$A51)+COUNTIF('Stella'!$B$6:$B$300,$A51)+COUNTIF('Igor'!$B$6:$B$300,$A51))=0),"",(COUNTIFS('Clarice'!$B$6:$B$300,$A51,'Clarice'!$F$6:$F$300,"Concluído")+COUNTIFS('Luisa'!$B$6:$B$300,$A51,'Luisa'!$F$6:$F$300,"Concluído")+COUNTIFS('Lui'!$B$6:$B$300,$A51,'Lui'!$F$6:$F$300,"Concluído")+COUNTIFS('Thaís'!$B$6:$B$300,$A51,'Thaís'!$F$6:$F$300,"Concluído")+COUNTIFS('Daniel'!$B$6:$B$300,$A51,'Daniel'!$F$6:$F$300,"Concluído")+COUNTIFS('Fernando'!$B$6:$B$300,$A51,'Fernando'!$F$6:$F$300,"Concluído")+COUNTIFS('Stephanie'!$B$6:$B$300,$A51,'Stephanie'!$F$6:$F$300,"Concluído")+COUNTIFS('Fox'!$B$6:$B$300,$A51,'Fox'!$F$6:$F$300,"Concluído")+COUNTIFS('Bruna'!$B$6:$B$300,$A51,'Bruna'!$F$6:$F$300,"Concluído")+COUNTIFS('Stella'!$B$6:$B$300,$A51,'Stella'!$F$6:$F$300,"Concluído")+COUNTIFS('Igor'!$B$6:$B$300,$A51,'Igor'!$F$6:$F$300,"Concluído"))&" / "&(COUNTIF('Clarice'!$B$6:$B$300,$A51)+COUNTIF('Luisa'!$B$6:$B$300,$A51)+COUNTIF('Lui'!$B$6:$B$300,$A51)+COUNTIF('Thaís'!$B$6:$B$300,$A51)+COUNTIF('Daniel'!$B$6:$B$300,$A51)+COUNTIF('Fernando'!$B$6:$B$300,$A51)+COUNTIF('Stephanie'!$B$6:$B$300,$A51)+COUNTIF('Fox'!$B$6:$B$300,$A51)+COUNTIF('Bruna'!$B$6:$B$300,$A51)+COUNTIF('Stella'!$B$6:$B$300,$A51)+COUNTIF('Igor'!$B$6:$B$300,$A51))) | K51: 46174 | L51: 46178 | M51: 46174 | N51: 46325 | P51: =IF($A51="","",IF(M51<>"",M51,IF(K51<>"",K51,""))) | Q51: =IF($A51="","",IF(N51<>"",N51,IF(L51<>"",L51,""))) | S51: {=IF($A51="","",_xlfn.TEXTJOIN(CHAR(10),TRUE,IF('Clarice'!$B$6:$B$300=$A51,"Clarice"&IF('Clarice'!$E$6:$E$300="",""," : "&'Clarice'!$E$6:$E$300)&" ["&'Clarice'!$F$6:$F$300&"]",""),IF('Luisa'!$B$6:$B$300=$A51,"Luisa"&IF('Luisa'!$E$6:$E$300="",""," : "&'Luisa'!$E$6:$E$300)&" ["&'Luisa'!$F$6:$F$300&"]",""),IF('Lui'!$B$6:$B$300=$A51,"Lui"&IF('Lui'!$E$6:$E$300="",""," : "&'Lui'!$E$6:$E$300)&" ["&'Lui'!$F$6:$F$300&"]",""),IF('Thaís'!$B$6:$B$300=$A51,"Thaís"&IF('Thaís'!$E$6:$E$300="",""," : "&'Thaís'!$E$6:$E$300)&" ["&'Thaís'!$F$6:$F$300&"]",""),IF('Daniel'!$B$6:$B$300=$A51,"Daniel"&IF('Daniel'!$E$6:$E$300="",""," : "&'Daniel'!$E$6:$E$300)&" ["&'Daniel'!$F$6:$F$300&"]",""),IF('Fernando'!$B$6:$B$300=$A51,"Fernando"&IF('Fernando'!$E$6:$E$300="",""," : "&'Fernando'!$E$6:$E$300)&" ["&'Fernando'!$F$6:$F$300&"]",""),IF('Stephanie'!$B$6:$B$300=$A51,"Stephanie"&IF('Stephanie'!$E$6:$E$300="",""," : "&'Stephanie'!$E$6:$E$300)&" ["&'Stephanie'!$F$6:$F$300&"]",""),IF('Fox'!$B$6:$B$300=$A51,"Fox"&IF('Fox'!$E$6:$E$300="",""," : "&'Fox'!$E$6:$E$300)&" ["&'Fox'!$F$6:$F$300&"]",""),IF('Bruna'!$B$6:$B$300=$A51,"Bruna"&IF('Bruna'!$E$6:$E$300="",""," : "&'Bruna'!$E$6:$E$300)&" ["&'Bruna'!$F$6:$F$300&"]",""),IF('Stella'!$B$6:$B$300=$A51,"Stella"&IF('Stella'!$E$6:$E$300="",""," : "&'Stella'!$E$6:$E$300)&" ["&'Stella'!$F$6:$F$300&"]",""),IF('Igor'!$B$6:$B$300=$A51,"Igor"&IF('Igor'!$E$6:$E$300="",""," : "&'Igor'!$E$6:$E$300)&" ["&'Igor'!$F$6:$F$300&"]","")))}
B52: Etapa 2: Construção das métricas | Atividade 7: Operacionalização das métricas | Atividade 8: Aplicação das métricas | C52: 2. Aplicação da EC | D52: 2.3 GR3 | E52: 2.3 GR3 | F52: Clarice | G52: =IF($A52="","",_xlfn.TEXTJOIN("; ",TRUE,IF(COUNTIF('Clarice'!$B$6:$B$300,$A52)>0,"Clarice",""),IF(COUNTIF('Luisa'!$B$6:$B$300,$A52)>0,"Luisa",""),IF(COUNTIF('Lui'!$B$6:$B$300,$A52)>0,"Lui",""),IF(COUNTIF('Thaís'!$B$6:$B$300,$A52)>0,"Thaís",""),IF(COUNTIF('Daniel'!$B$6:$B$300,$A52)>0,"Daniel",""),IF(COUNTIF('Fernando'!$B$6:$B$300,$A52)>0,"Fernando",""),IF(COUNTIF('Stephanie'!$B$6:$B$300,$A52)>0,"Stephanie",""),IF(COUNTIF('Fox'!$B$6:$B$300,$A52)>0,"Fox",""),IF(COUNTIF('Bruna'!$B$6:$B$300,$A52)>0,"Bruna",""),IF(COUNTIF('Stella'!$B$6:$B$300,$A52)>0,"Stella",""),IF(COUNTIF('Igor'!$B$6:$B$300,$A52)>0,"Igor",""))) | J52: =IF(OR($A52="",(COUNTIF('Clarice'!$B$6:$B$300,$A52)+COUNTIF('Luisa'!$B$6:$B$300,$A52)+COUNTIF('Lui'!$B$6:$B$300,$A52)+COUNTIF('Thaís'!$B$6:$B$300,$A52)+COUNTIF('Daniel'!$B$6:$B$300,$A52)+COUNTIF('Fernando'!$B$6:$B$300,$A52)+COUNTIF('Stephanie'!$B$6:$B$300,$A52)+COUNTIF('Fox'!$B$6:$B$300,$A52)+COUNTIF('Bruna'!$B$6:$B$300,$A52)+COUNTIF('Stella'!$B$6:$B$300,$A52)+COUNTIF('Igor'!$B$6:$B$300,$A52))=0),"",(COUNTIFS('Clarice'!$B$6:$B$300,$A52,'Clarice'!$F$6:$F$300,"Concluído")+COUNTIFS('Luisa'!$B$6:$B$300,$A52,'Luisa'!$F$6:$F$300,"Concluído")+COUNTIFS('Lui'!$B$6:$B$300,$A52,'Lui'!$F$6:$F$300,"Concluído")+COUNTIFS('Thaís'!$B$6:$B$300,$A52,'Thaís'!$F$6:$F$300,"Concluído")+COUNTIFS('Daniel'!$B$6:$B$300,$A52,'Daniel'!$F$6:$F$300,"Concluído")+COUNTIFS('Fernando'!$B$6:$B$300,$A52,'Fernando'!$F$6:$F$300,"Concluído")+COUNTIFS('Stephanie'!$B$6:$B$300,$A52,'Stephanie'!$F$6:$F$300,"Concluído")+COUNTIFS('Fox'!$B$6:$B$300,$A52,'Fox'!$F$6:$F$300,"Concluído")+COUNTIFS('Bruna'!$B$6:$B$300,$A52,'Bruna'!$F$6:$F$300,"Concluído")+COUNTIFS('Stella'!$B$6:$B$300,$A52,'Stella'!$F$6:$F$300,"Concluído")+COUNTIFS('Igor'!$B$6:$B$300,$A52,'Igor'!$F$6:$F$300,"Concluído"))&" / "&(COUNTIF('Clarice'!$B$6:$B$300,$A52)+COUNTIF('Luisa'!$B$6:$B$300,$A52)+COUNTIF('Lui'!$B$6:$B$300,$A52)+COUNTIF('Thaís'!$B$6:$B$300,$A52)+COUNTIF('Daniel'!$B$6:$B$300,$A52)+COUNTIF('Fernando'!$B$6:$B$300,$A52)+COUNTIF('Stephanie'!$B$6:$B$300,$A52)+COUNTIF('Fox'!$B$6:$B$300,$A52)+COUNTIF('Bruna'!$B$6:$B$300,$A52)+COUNTIF('Stella'!$B$6:$B$300,$A52)+COUNTIF('Igor'!$B$6:$B$300,$A52))) | P52: =IF($A52="","",IF(M52<>"",M52,IF(K52<>"",K52,""))) | Q52: =IF($A52="","",IF(N52<>"",N52,IF(L52<>"",L52,""))) | S52: {=IF($A52="","",_xlfn.TEXTJOIN(CHAR(10),TRUE,IF('Clarice'!$B$6:$B$300=$A52,"Clarice"&IF('Clarice'!$E$6:$E$300="",""," : "&'Clarice'!$E$6:$E$300)&" ["&'Clarice'!$F$6:$F$300&"]",""),IF('Luisa'!$B$6:$B$300=$A52,"Luisa"&IF('Luisa'!$E$6:$E$300="",""," : "&'Luisa'!$E$6:$E$300)&" ["&'Luisa'!$F$6:$F$300&"]",""),IF('Lui'!$B$6:$B$300=$A52,"Lui"&IF('Lui'!$E$6:$E$300="",""," : "&'Lui'!$E$6:$E$300)&" ["&'Lui'!$F$6:$F$300&"]",""),IF('Thaís'!$B$6:$B$300=$A52,"Thaís"&IF('Thaís'!$E$6:$E$300="",""," : "&'Thaís'!$E$6:$E$300)&" ["&'Thaís'!$F$6:$F$300&"]",""),IF('Daniel'!$B$6:$B$300=$A52,"Daniel"&IF('Daniel'!$E$6:$E$300="",""," : "&'Daniel'!$E$6:$E$300)&" ["&'Daniel'!$F$6:$F$300&"]",""),IF('Fernando'!$B$6:$B$300=$A52,"Fernando"&IF('Fernando'!$E$6:$E$300="",""," : "&'Fernando'!$E$6:$E$300)&" ["&'Fernando'!$F$6:$F$300&"]",""),IF('Stephanie'!$B$6:$B$300=$A52,"Stephanie"&IF('Stephanie'!$E$6:$E$300="",""," : "&'Stephanie'!$E$6:$E$300)&" ["&'Stephanie'!$F$6:$F$300&"]",""),IF('Fox'!$B$6:$B$300=$A52,"Fox"&IF('Fox'!$E$6:$E$300="",""," : "&'Fox'!$E$6:$E$300)&" ["&'Fox'!$F$6:$F$300&"]",""),IF('Bruna'!$B$6:$B$300=$A52,"Bruna"&IF('Bruna'!$E$6:$E$300="",""," : "&'Bruna'!$E$6:$E$300)&" ["&'Bruna'!$F$6:$F$300&"]",""),IF('Stella'!$B$6:$B$300=$A52,"Stella"&IF('Stella'!$E$6:$E$300="",""," : "&'Stella'!$E$6:$E$300)&" ["&'Stella'!$F$6:$F$300&"]",""),IF('Igor'!$B$6:$B$300=$A52,"Igor"&IF('Igor'!$E$6:$E$300="",""," : "&'Igor'!$E$6:$E$300)&" ["&'Igor'!$F$6:$F$300&"]","")))}
A53: EC-023 | B53: Etapa 2: Construção das métricas | Atividade 7: Operacionalização das métricas | Atividade 8: Aplicação das métricas | C53: 2. Aplicação da EC | D53: 2.3 GR3 | E53: Definir as espécies internamente (GR3) | F53: Clarice | G53: =IF($A53="","",_xlfn.TEXTJOIN("; ",TRUE,IF(COUNTIF('Clarice'!$B$6:$B$300,$A53)>0,"Clarice",""),IF(COUNTIF('Luisa'!$B$6:$B$300,$A53)>0,"Luisa",""),IF(COUNTIF('Lui'!$B$6:$B$300,$A53)>0,"Lui",""),IF(COUNTIF('Thaís'!$B$6:$B$300,$A53)>0,"Thaís",""),IF(COUNTIF('Daniel'!$B$6:$B$300,$A53)>0,"Daniel",""),IF(COUNTIF('Fernando'!$B$6:$B$300,$A53)>0,"Fernando",""),IF(COUNTIF('Stephanie'!$B$6:$B$300,$A53)>0,"Stephanie",""),IF(COUNTIF('Fox'!$B$6:$B$300,$A53)>0,"Fox",""),IF(COUNTIF('Bruna'!$B$6:$B$300,$A53)>0,"Bruna",""),IF(COUNTIF('Stella'!$B$6:$B$300,$A53)>0,"Stella",""),IF(COUNTIF('Igor'!$B$6:$B$300,$A53)>0,"Igor",""))) | I53: Concluído | J53: =IF(OR($A53="",(COUNTIF('Clarice'!$B$6:$B$300,$A53)+COUNTIF('Luisa'!$B$6:$B$300,$A53)+COUNTIF('Lui'!$B$6:$B$300,$A53)+COUNTIF('Thaís'!$B$6:$B$300,$A53)+COUNTIF('Daniel'!$B$6:$B$300,$A53)+COUNTIF('Fernando'!$B$6:$B$300,$A53)+COUNTIF('Stephanie'!$B$6:$B$300,$A53)+COUNTIF('Fox'!$B$6:$B$300,$A53)+COUNTIF('Bruna'!$B$6:$B$300,$A53)+COUNTIF('Stella'!$B$6:$B$300,$A53)+COUNTIF('Igor'!$B$6:$B$300,$A53))=0),"",(COUNTIFS('Clarice'!$B$6:$B$300,$A53,'Clarice'!$F$6:$F$300,"Concluído")+COUNTIFS('Luisa'!$B$6:$B$300,$A53,'Luisa'!$F$6:$F$300,"Concluído")+COUNTIFS('Lui'!$B$6:$B$300,$A53,'Lui'!$F$6:$F$300,"Concluído")+COUNTIFS('Thaís'!$B$6:$B$300,$A53,'Thaís'!$F$6:$F$300,"Concluído")+COUNTIFS('Daniel'!$B$6:$B$300,$A53,'Daniel'!$F$6:$F$300,"Concluído")+COUNTIFS('Fernando'!$B$6:$B$300,$A53,'Fernando'!$F$6:$F$300,"Concluído")+COUNTIFS('Stephanie'!$B$6:$B$300,$A53,'Stephanie'!$F$6:$F$300,"Concluído")+COUNTIFS('Fox'!$B$6:$B$300,$A53,'Fox'!$F$6:$F$300,"Concluído")+COUNTIFS('Bruna'!$B$6:$B$300,$A53,'Bruna'!$F$6:$F$300,"Concluído")+COUNTIFS('Stella'!$B$6:$B$300,$A53,'Stella'!$F$6:$F$300,"Concluído")+COUNTIFS('Igor'!$B$6:$B$300,$A53,'Igor'!$F$6:$F$300,"Concluído"))&" / "&(COUNTIF('Clarice'!$B$6:$B$300,$A53)+COUNTIF('Luisa'!$B$6:$B$300,$A53)+COUNTIF('Lui'!$B$6:$B$300,$A53)+COUNTIF('Thaís'!$B$6:$B$300,$A53)+COUNTIF('Daniel'!$B$6:$B$300,$A53)+COUNTIF('Fernando'!$B$6:$B$300,$A53)+COUNTIF('Stephanie'!$B$6:$B$300,$A53)+COUNTIF('Fox'!$B$6:$B$300,$A53)+COUNTIF('Bruna'!$B$6:$B$300,$A53)+COUNTIF('Stella'!$B$6:$B$300,$A53)+COUNTIF('Igor'!$B$6:$B$300,$A53))) | P53: =IF($A53="","",IF(M53<>"",M53,IF(K53<>"",K53,""))) | Q53: =IF($A53="","",IF(N53<>"",N53,IF(L53<>"",L53,""))) | S53: {=IF($A53="","",_xlfn.TEXTJOIN(CHAR(10),TRUE,IF('Clarice'!$B$6:$B$300=$A53,"Clarice"&IF('Clarice'!$E$6:$E$300="",""," : "&'Clarice'!$E$6:$E$300)&" ["&'Clarice'!$F$6:$F$300&"]",""),IF('Luisa'!$B$6:$B$300=$A53,"Luisa"&IF('Luisa'!$E$6:$E$300="",""," : "&'Luisa'!$E$6:$E$300)&" ["&'Luisa'!$F$6:$F$300&"]",""),IF('Lui'!$B$6:$B$300=$A53,"Lui"&IF('Lui'!$E$6:$E$300="",""," : "&'Lui'!$E$6:$E$300)&" ["&'Lui'!$F$6:$F$300&"]",""),IF('Thaís'!$B$6:$B$300=$A53,"Thaís"&IF('Thaís'!$E$6:$E$300="",""," : "&'Thaís'!$E$6:$E$300)&" ["&'Thaís'!$F$6:$F$300&"]",""),IF('Daniel'!$B$6:$B$300=$A53,"Daniel"&IF('Daniel'!$E$6:$E$300="",""," : "&'Daniel'!$E$6:$E$300)&" ["&'Daniel'!$F$6:$F$300&"]",""),IF('Fernando'!$B$6:$B$300=$A53,"Fernando"&IF('Fernando'!$E$6:$E$300="",""," : "&'Fernando'!$E$6:$E$300)&" ["&'Fernando'!$F$6:$F$300&"]",""),IF('Stephanie'!$B$6:$B$300=$A53,"Stephanie"&IF('Stephanie'!$E$6:$E$300="",""," : "&'Stephanie'!$E$6:$E$300)&" ["&'Stephanie'!$F$6:$F$300&"]",""),IF('Fox'!$B$6:$B$300=$A53,"Fox"&IF('Fox'!$E$6:$E$300="",""," : "&'Fox'!$E$6:$E$300)&" ["&'Fox'!$F$6:$F$300&"]",""),IF('Bruna'!$B$6:$B$300=$A53,"Bruna"&IF('Bruna'!$E$6:$E$300="",""," : "&'Bruna'!$E$6:$E$300)&" ["&'Bruna'!$F$6:$F$300&"]",""),IF('Stella'!$B$6:$B$300=$A53,"Stella"&IF('Stella'!$E$6:$E$300="",""," : "&'Stella'!$E$6:$E$300)&" ["&'Stella'!$F$6:$F$300&"]",""),IF('Igor'!$B$6:$B$300=$A53,"Igor"&IF('Igor'!$E$6:$E$300="",""," : "&'Igor'!$E$6:$E$300)&" ["&'Igor'!$F$6:$F$300&"]","")))}
A54: EC-024 | B54: Etapa 2: Construção das métricas | Atividade 7: Operacionalização das métricas | Atividade 8: Aplicação das métricas | C54: 2. Aplicação da EC | D54: 2.3 GR3 | E54: Validar as espécies com a Petrobras (GR3) | F54: Clarice | G54: =IF($A54="","",_xlfn.TEXTJOIN("; ",TRUE,IF(COUNTIF('Clarice'!$B$6:$B$300,$A54)>0,"Clarice",""),IF(COUNTIF('Luisa'!$B$6:$B$300,$A54)>0,"Luisa",""),IF(COUNTIF('Lui'!$B$6:$B$300,$A54)>0,"Lui",""),IF(COUNTIF('Thaís'!$B$6:$B$300,$A54)>0,"Thaís",""),IF(COUNTIF('Daniel'!$B$6:$B$300,$A54)>0,"Daniel",""),IF(COUNTIF('Fernando'!$B$6:$B$300,$A54)>0,"Fernando",""),IF(COUNTIF('Stephanie'!$B$6:$B$300,$A54)>0,"Stephanie",""),IF(COUNTIF('Fox'!$B$6:$B$300,$A54)>0,"Fox",""),IF(COUNTIF('Bruna'!$B$6:$B$300,$A54)>0,"Bruna",""),IF(COUNTIF('Stella'!$B$6:$B$300,$A54)>0,"Stella",""),IF(COUNTIF('Igor'!$B$6:$B$300,$A54)>0,"Igor",""))) | I54: Em andamento | J54: =IF(OR($A54="",(COUNTIF('Clarice'!$B$6:$B$300,$A54)+COUNTIF('Luisa'!$B$6:$B$300,$A54)+COUNTIF('Lui'!$B$6:$B$300,$A54)+COUNTIF('Thaís'!$B$6:$B$300,$A54)+COUNTIF('Daniel'!$B$6:$B$300,$A54)+COUNTIF('Fernando'!$B$6:$B$300,$A54)+COUNTIF('Stephanie'!$B$6:$B$300,$A54)+COUNTIF('Fox'!$B$6:$B$300,$A54)+COUNTIF('Bruna'!$B$6:$B$300,$A54)+COUNTIF('Stella'!$B$6:$B$300,$A54)+COUNTIF('Igor'!$B$6:$B$300,$A54))=0),"",(COUNTIFS('Clarice'!$B$6:$B$300,$A54,'Clarice'!$F$6:$F$300,"Concluído")+COUNTIFS('Luisa'!$B$6:$B$300,$A54,'Luisa'!$F$6:$F$300,"Concluído")+COUNTIFS('Lui'!$B$6:$B$300,$A54,'Lui'!$F$6:$F$300,"Concluído")+COUNTIFS('Thaís'!$B$6:$B$300,$A54,'Thaís'!$F$6:$F$300,"Concluído")+COUNTIFS('Daniel'!$B$6:$B$300,$A54,'Daniel'!$F$6:$F$300,"Concluído")+COUNTIFS('Fernando'!$B$6:$B$300,$A54,'Fernando'!$F$6:$F$300,"Concluído")+COUNTIFS('Stephanie'!$B$6:$B$300,$A54,'Stephanie'!$F$6:$F$300,"Concluído")+COUNTIFS('Fox'!$B$6:$B$300,$A54,'Fox'!$F$6:$F$300,"Concluído")+COUNTIFS('Bruna'!$B$6:$B$300,$A54,'Bruna'!$F$6:$F$300,"Concluído")+COUNTIFS('Stella'!$B$6:$B$300,$A54,'Stella'!$F$6:$F$300,"Concluído")+COUNTIFS('Igor'!$B$6:$B$300,$A54,'Igor'!$F$6:$F$300,"Concluído"))&" / "&(COUNTIF('Clarice'!$B$6:$B$300,$A54)+COUNTIF('Luisa'!$B$6:$B$300,$A54)+COUNTIF('Lui'!$B$6:$B$300,$A54)+COUNTIF('Thaís'!$B$6:$B$300,$A54)+COUNTIF('Daniel'!$B$6:$B$300,$A54)+COUNTIF('Fernando'!$B$6:$B$300,$A54)+COUNTIF('Stephanie'!$B$6:$B$300,$A54)+COUNTIF('Fox'!$B$6:$B$300,$A54)+COUNTIF('Bruna'!$B$6:$B$300,$A54)+COUNTIF('Stella'!$B$6:$B$300,$A54)+COUNTIF('Igor'!$B$6:$B$300,$A54))) | K54: 46104 | L54: 46112 | M54: 46104 | N54: 46192 | P54: =IF($A54="","",IF(M54<>"",M54,IF(K54<>"",K54,""))) | Q54: =IF($A54="","",IF(N54<>"",N54,IF(L54<>"",L54,""))) | R54: Envio à Petrobras no dia 15/06 | S54: {=IF($A54="","",_xlfn.TEXTJOIN(CHAR(10),TRUE,IF('Clarice'!$B$6:$B$300=$A54,"Clarice"&IF('Clarice'!$E$6:$E$300="",""," : "&'Clarice'!$E$6:$E$300)&" ["&'Clarice'!$F$6:$F$300&"]",""),IF('Luisa'!$B$6:$B$300=$A54,"Luisa"&IF('Luisa'!$E$6:$E$300="",""," : "&'Luisa'!$E$6:$E$300)&" ["&'Luisa'!$F$6:$F$300&"]",""),IF('Lui'!$B$6:$B$300=$A54,"Lui"&IF('Lui'!$E$6:$E$300="",""," : "&'Lui'!$E$6:$E$300)&" ["&'Lui'!$F$6:$F$300&"]",""),IF('Thaís'!$B$6:$B$300=$A54,"Thaís"&IF('Thaís'!$E$6:$E$300="",""," : "&'Thaís'!$E$6:$E$300)&" ["&'Thaís'!$F$6:$F$300&"]",""),IF('Daniel'!$B$6:$B$300=$A54,"Daniel"&IF('Daniel'!$E$6:$E$300="",""," : "&'Daniel'!$E$6:$E$300)&" ["&'Daniel'!$F$6:$F$300&"]",""),IF('Fernando'!$B$6:$B$300=$A54,"Fernando"&IF('Fernando'!$E$6:$E$300="",""," : "&'Fernando'!$E$6:$E$300)&" ["&'Fernando'!$F$6:$F$300&"]",""),IF('Stephanie'!$B$6:$B$300=$A54,"Stephanie"&IF('Stephanie'!$E$6:$E$300="",""," : "&'Stephanie'!$E$6:$E$300)&" ["&'Stephanie'!$F$6:$F$300&"]",""),IF('Fox'!$B$6:$B$300=$A54,"Fox"&IF('Fox'!$E$6:$E$300="",""," : "&'Fox'!$E$6:$E$300)&" ["&'Fox'!$F$6:$F$300&"]",""),IF('Bruna'!$B$6:$B$300=$A54,"Bruna"&IF('Bruna'!$E$6:$E$300="",""," : "&'Bruna'!$E$6:$E$300)&" ["&'Bruna'!$F$6:$F$300&"]",""),IF('Stella'!$B$6:$B$300=$A54,"Stella"&IF('Stella'!$E$6:$E$300="",""," : "&'Stella'!$E$6:$E$300)&" ["&'Stella'!$F$6:$F$300&"]",""),IF('Igor'!$B$6:$B$300=$A54,"Igor"&IF('Igor'!$E$6:$E$300="",""," : "&'Igor'!$E$6:$E$300)&" ["&'Igor'!$F$6:$F$300&"]","")))}
A55: EC-025 | B55: Etapa 2: Construção das métricas | Atividade 7: Operacionalização das métricas | Atividade 8: Aplicação das métricas | C55: 2. Aplicação da EC | D55: 2.3 GR3 | E55: Procurar os dados das espécies na literatura (GR3) | F55: Clarice | G55: =IF($A55="","",_xlfn.TEXTJOIN("; ",TRUE,IF(COUNTIF('Clarice'!$B$6:$B$300,$A55)>0,"Clarice",""),IF(COUNTIF('Luisa'!$B$6:$B$300,$A55)>0,"Luisa",""),IF(COUNTIF('Lui'!$B$6:$B$300,$A55)>0,"Lui",""),IF(COUNTIF('Thaís'!$B$6:$B$300,$A55)>0,"Thaís",""),IF(COUNTIF('Daniel'!$B$6:$B$300,$A55)>0,"Daniel",""),IF(COUNTIF('Fernando'!$B$6:$B$300,$A55)>0,"Fernando",""),IF(COUNTIF('Stephanie'!$B$6:$B$300,$A55)>0,"Stephanie",""),IF(COUNTIF('Fox'!$B$6:$B$300,$A55)>0,"Fox",""),IF(COUNTIF('Bruna'!$B$6:$B$300,$A55)>0,"Bruna",""),IF(COUNTIF('Stella'!$B$6:$B$300,$A55)>0,"Stella",""),IF(COUNTIF('Igor'!$B$6:$B$300,$A55)>0,"Igor",""))) | I55: Não iniciado | J55: =IF(OR($A55="",(COUNTIF('Clarice'!$B$6:$B$300,$A55)+COUNTIF('Luisa'!$B$6:$B$300,$A55)+COUNTIF('Lui'!$B$6:$B$300,$A55)+COUNTIF('Thaís'!$B$6:$B$300,$A55)+COUNTIF('Daniel'!$B$6:$B$300,$A55)+COUNTIF('Fernando'!$B$6:$B$300,$A55)+COUNTIF('Stephanie'!$B$6:$B$300,$A55)+COUNTIF('Fox'!$B$6:$B$300,$A55)+COUNTIF('Bruna'!$B$6:$B$300,$A55)+COUNTIF('Stella'!$B$6:$B$300,$A55)+COUNTIF('Igor'!$B$6:$B$300,$A55))=0),"",(COUNTIFS('Clarice'!$B$6:$B$300,$A55,'Clarice'!$F$6:$F$300,"Concluído")+COUNTIFS('Luisa'!$B$6:$B$300,$A55,'Luisa'!$F$6:$F$300,"Concluído")+COUNTIFS('Lui'!$B$6:$B$300,$A55,'Lui'!$F$6:$F$300,"Concluído")+COUNTIFS('Thaís'!$B$6:$B$300,$A55,'Thaís'!$F$6:$F$300,"Concluído")+COUNTIFS('Daniel'!$B$6:$B$300,$A55,'Daniel'!$F$6:$F$300,"Concluído")+COUNTIFS('Fernando'!$B$6:$B$300,$A55,'Fernando'!$F$6:$F$300,"Concluído")+COUNTIFS('Stephanie'!$B$6:$B$300,$A55,'Stephanie'!$F$6:$F$300,"Concluído")+COUNTIFS('Fox'!$B$6:$B$300,$A55,'Fox'!$F$6:$F$300,"Concluído")+COUNTIFS('Bruna'!$B$6:$B$300,$A55,'Bruna'!$F$6:$F$300,"Concluído")+COUNTIFS('Stella'!$B$6:$B$300,$A55,'Stella'!$F$6:$F$300,"Concluído")+COUNTIFS('Igor'!$B$6:$B$300,$A55,'Igor'!$F$6:$F$300,"Concluído"))&" / "&(COUNTIF('Clarice'!$B$6:$B$300,$A55)+COUNTIF('Luisa'!$B$6:$B$300,$A55)+COUNTIF('Lui'!$B$6:$B$300,$A55)+COUNTIF('Thaís'!$B$6:$B$300,$A55)+COUNTIF('Daniel'!$B$6:$B$300,$A55)+COUNTIF('Fernando'!$B$6:$B$300,$A55)+COUNTIF('Stephanie'!$B$6:$B$300,$A55)+COUNTIF('Fox'!$B$6:$B$300,$A55)+COUNTIF('Bruna'!$B$6:$B$300,$A55)+COUNTIF('Stella'!$B$6:$B$300,$A55)+COUNTIF('Igor'!$B$6:$B$300,$A55))) | K55: 46146 | L55: 46157 | M55: 46146 | N55: 46199 | P55: =IF($A55="","",IF(M55<>"",M55,IF(K55<>"",K55,""))) | Q55: =IF($A55="","",IF(N55<>"",N55,IF(L55<>"",L55,""))) | S55: {=IF($A55="","",_xlfn.TEXTJOIN(CHAR(10),TRUE,IF('Clarice'!$B$6:$B$300=$A55,"Clarice"&IF('Clarice'!$E$6:$E$300="",""," : "&'Clarice'!$E$6:$E$300)&" ["&'Clarice'!$F$6:$F$300&"]",""),IF('Luisa'!$B$6:$B$300=$A55,"Luisa"&IF('Luisa'!$E$6:$E$300="",""," : "&'Luisa'!$E$6:$E$300)&" ["&'Luisa'!$F$6:$F$300&"]",""),IF('Lui'!$B$6:$B$300=$A55,"Lui"&IF('Lui'!$E$6:$E$300="",""," : "&'Lui'!$E$6:$E$300)&" ["&'Lui'!$F$6:$F$300&"]",""),IF('Thaís'!$B$6:$B$300=$A55,"Thaís"&IF('Thaís'!$E$6:$E$300="",""," : "&'Thaís'!$E$6:$E$300)&" ["&'Thaís'!$F$6:$F$300&"]",""),IF('Daniel'!$B$6:$B$300=$A55,"Daniel"&IF('Daniel'!$E$6:$E$300="",""," : "&'Daniel'!$E$6:$E$300)&" ["&'Daniel'!$F$6:$F$300&"]",""),IF('Fernando'!$B$6:$B$300=$A55,"Fernando"&IF('Fernando'!$E$6:$E$300="",""," : "&'Fernando'!$E$6:$E$300)&" ["&'Fernando'!$F$6:$F$300&"]",""),IF('Stephanie'!$B$6:$B$300=$A55,"Stephanie"&IF('Stephanie'!$E$6:$E$300="",""," : "&'Stephanie'!$E$6:$E$300)&" ["&'Stephanie'!$F$6:$F$300&"]",""),IF('Fox'!$B$6:$B$300=$A55,"Fox"&IF('Fox'!$E$6:$E$300="",""," : "&'Fox'!$E$6:$E$300)&" ["&'Fox'!$F$6:$F$300&"]",""),IF('Bruna'!$B$6:$B$300=$A55,"Bruna"&IF('Bruna'!$E$6:$E$300="",""," : "&'Bruna'!$E$6:$E$300)&" ["&'Bruna'!$F$6:$F$300&"]",""),IF('Stella'!$B$6:$B$300=$A55,"Stella"&IF('Stella'!$E$6:$E$300="",""," : "&'Stella'!$E$6:$E$300)&" ["&'Stella'!$F$6:$F$300&"]",""),IF('Igor'!$B$6:$B$300=$A55,"Igor"&IF('Igor'!$E$6:$E$300="",""," : "&'Igor'!$E$6:$E$300)&" ["&'Igor'!$F$6:$F$300&"]","")))}
